subclasse,grupo_codigo,grupo_nome,divisao_codigo,secao_codigo,secao_nome
4929902,492,TRANSPORTE RODOVIÁRIO DE PASSAGEIROS,49,H,"TRANSPORTE, ARMAZENAGEM E CORREIO"
1610204,161,DESDOBRAMENTO DE MADEIRA,16,C,INDÚSTRIAS DE TRANSFORMAÇÃO
1610203,161,DESDOBRAMENTO DE MADEIRA,16,C,INDÚSTRIAS DE TRANSFORMAÇÃO
4623105,462,COMÉRCIO ATACADISTA DE MATÉRIAS-PRIMAS AGRÍCOLAS E ANIMAIS VIVOS,46,G,COMÉRCIO; REPARAÇÃO DE VEÍCULOS AUTOMOTORES E MOTOCICLETAS
3314705,331,MANUTENÇÃO E REPARAÇÃO DE MÁQUINAS E EQUIPAMENTOS,33,C,INDÚSTRIAS DE TRANSFORMAÇÃO
4623106,462,COMÉRCIO ATACADISTA DE MATÉRIAS-PRIMAS AGRÍCOLAS E ANIMAIS VIVOS,46,G,COMÉRCIO; REPARAÇÃO DE VEÍCULOS AUTOMOTORES E MOTOCICLETAS
4623107,462,COMÉRCIO ATACADISTA DE MATÉRIAS-PRIMAS AGRÍCOLAS E ANIMAIS VIVOS,46,G,COMÉRCIO; REPARAÇÃO DE VEÍCULOS AUTOMOTORES E MOTOCICLETAS
5620102,562,"SERVIÇOS DE CATERING, BUFÊ E OUTROS SERVIÇOS DE COMIDA PREPARADA",56,I,ALOJAMENTO E ALIMENTAÇÃO
6611802,661,ATIVIDADES AUXILIARES DOS SERVIÇOS FINANCEIROS,66,K,"ATIVIDADES FINANCEIRAS, DE SEGUROS E SERVIÇOS RELACIONADOS"
6611803,661,ATIVIDADES AUXILIARES DOS SERVIÇOS FINANCEIROS,66,K,"ATIVIDADES FINANCEIRAS, DE SEGUROS E SERVIÇOS RELACIONADOS"
6611804,661,ATIVIDADES AUXILIARES DOS SERVIÇOS FINANCEIROS,66,K,"ATIVIDADES FINANCEIRAS, DE SEGUROS E SERVIÇOS RELACIONADOS"
0111301,011,PRODUÇÃO DE LAVOURAS TEMPORÁRIAS,01,A,"AGRICULTURA, PECUÁRIA, PRODUÇÃO FLORESTAL, PESCA E AQÜICULTURA"
0111302,011,PRODUÇÃO DE LAVOURAS TEMPORÁRIAS,01,A,"AGRICULTURA, PECUÁRIA, PRODUÇÃO FLORESTAL, PESCA E AQÜICULTURA"
0111303,011,PRODUÇÃO DE LAVOURAS TEMPORÁRIAS,01,A,"AGRICULTURA, PECUÁRIA, PRODUÇÃO FLORESTAL, PESCA E AQÜICULTURA"
7729201,772,ALUGUEL DE OBJETOS PESSOAIS E DOMÉSTICOS,77,N,ATIVIDADES ADMINISTRATIVAS E SERVIÇOS COMPLEMENTARES
0111399,011,PRODUÇÃO DE LAVOURAS TEMPORÁRIAS,01,A,"AGRICULTURA, PECUÁRIA, PRODUÇÃO FLORESTAL, PESCA E AQÜICULTURA"
0112101,011,PRODUÇÃO DE LAVOURAS TEMPORÁRIAS,01,A,"AGRICULTURA, PECUÁRIA, PRODUÇÃO FLORESTAL, PESCA E AQÜICULTURA"
0112102,011,PRODUÇÃO DE LAVOURAS TEMPORÁRIAS,01,A,"AGRICULTURA, PECUÁRIA, PRODUÇÃO FLORESTAL, PESCA E AQÜICULTURA"
0112199,011,PRODUÇÃO DE LAVOURAS TEMPORÁRIAS,01,A,"AGRICULTURA, PECUÁRIA, PRODUÇÃO FLORESTAL, PESCA E AQÜICULTURA"
0113000,011,PRODUÇÃO DE LAVOURAS TEMPORÁRIAS,01,A,"AGRICULTURA, PECUÁRIA, PRODUÇÃO FLORESTAL, PESCA E AQÜICULTURA"
0114800,011,PRODUÇÃO DE LAVOURAS TEMPORÁRIAS,01,A,"AGRICULTURA, PECUÁRIA, PRODUÇÃO FLORESTAL, PESCA E AQÜICULTURA"
0115600,011,PRODUÇÃO DE LAVOURAS TEMPORÁRIAS,01,A,"AGRICULTURA, PECUÁRIA, PRODUÇÃO FLORESTAL, PESCA E AQÜICULTURA"
0116401,011,PRODUÇÃO DE LAVOURAS TEMPORÁRIAS,01,A,"AGRICULTURA, PECUÁRIA, PRODUÇÃO FLORESTAL, PESCA E AQÜICULTURA"
0116402,011,PRODUÇÃO DE LAVOURAS TEMPORÁRIAS,01,A,"AGRICULTURA, PECUÁRIA, PRODUÇÃO FLORESTAL, PESCA E AQÜICULTURA"
0116403,011,PRODUÇÃO DE LAVOURAS TEMPORÁRIAS,01,A,"AGRICULTURA, PECUÁRIA, PRODUÇÃO FLORESTAL, PESCA E AQÜICULTURA"
0133406,013,PRODUÇÃO DE LAVOURAS PERMANENTES,01,A,"AGRICULTURA, PECUÁRIA, PRODUÇÃO FLORESTAL, PESCA E AQÜICULTURA"
0721901,072,EXTRAÇÃO DE MINERAIS METÁLICOS NÃO-FERROSOS,07,B,INDÚSTRIAS EXTRATIVAS
0116499,011,PRODUÇÃO DE LAVOURAS TEMPORÁRIAS,01,A,"AGRICULTURA, PECUÁRIA, PRODUÇÃO FLORESTAL, PESCA E AQÜICULTURA"
0119901,011,PRODUÇÃO DE LAVOURAS TEMPORÁRIAS,01,A,"AGRICULTURA, PECUÁRIA, PRODUÇÃO FLORESTAL, PESCA E AQÜICULTURA"
0119902,011,PRODUÇÃO DE LAVOURAS TEMPORÁRIAS,01,A,"AGRICULTURA, PECUÁRIA, PRODUÇÃO FLORESTAL, PESCA E AQÜICULTURA"
0119903,011,PRODUÇÃO DE LAVOURAS TEMPORÁRIAS,01,A,"AGRICULTURA, PECUÁRIA, PRODUÇÃO FLORESTAL, PESCA E AQÜICULTURA"
0119904,011,PRODUÇÃO DE LAVOURAS TEMPORÁRIAS,01,A,"AGRICULTURA, PECUÁRIA, PRODUÇÃO FLORESTAL, PESCA E AQÜICULTURA"
0119905,011,PRODUÇÃO DE LAVOURAS TEMPORÁRIAS,01,A,"AGRICULTURA, PECUÁRIA, PRODUÇÃO FLORESTAL, PESCA E AQÜICULTURA"
0119906,011,PRODUÇÃO DE LAVOURAS TEMPORÁRIAS,01,A,"AGRICULTURA, PECUÁRIA, PRODUÇÃO FLORESTAL, PESCA E AQÜICULTURA"
0119907,011,PRODUÇÃO DE LAVOURAS TEMPORÁRIAS,01,A,"AGRICULTURA, PECUÁRIA, PRODUÇÃO FLORESTAL, PESCA E AQÜICULTURA"
0119908,011,PRODUÇÃO DE LAVOURAS TEMPORÁRIAS,01,A,"AGRICULTURA, PECUÁRIA, PRODUÇÃO FLORESTAL, PESCA E AQÜICULTURA"
0119909,011,PRODUÇÃO DE LAVOURAS TEMPORÁRIAS,01,A,"AGRICULTURA, PECUÁRIA, PRODUÇÃO FLORESTAL, PESCA E AQÜICULTURA"
0133403,013,PRODUÇÃO DE LAVOURAS PERMANENTES,01,A,"AGRICULTURA, PECUÁRIA, PRODUÇÃO FLORESTAL, PESCA E AQÜICULTURA"
0151203,015,PECUÁRIA,01,A,"AGRICULTURA, PECUÁRIA, PRODUÇÃO FLORESTAL, PESCA E AQÜICULTURA"
0133404,013,PRODUÇÃO DE LAVOURAS PERMANENTES,01,A,"AGRICULTURA, PECUÁRIA, PRODUÇÃO FLORESTAL, PESCA E AQÜICULTURA"
0133405,013,PRODUÇÃO DE LAVOURAS PERMANENTES,01,A,"AGRICULTURA, PECUÁRIA, PRODUÇÃO FLORESTAL, PESCA E AQÜICULTURA"
0119999,011,PRODUÇÃO DE LAVOURAS TEMPORÁRIAS,01,A,"AGRICULTURA, PECUÁRIA, PRODUÇÃO FLORESTAL, PESCA E AQÜICULTURA"
0121101,012,HORTICULTURA E FLORICULTURA,01,A,"AGRICULTURA, PECUÁRIA, PRODUÇÃO FLORESTAL, PESCA E AQÜICULTURA"
0121102,012,HORTICULTURA E FLORICULTURA,01,A,"AGRICULTURA, PECUÁRIA, PRODUÇÃO FLORESTAL, PESCA E AQÜICULTURA"
0122900,012,HORTICULTURA E FLORICULTURA,01,A,"AGRICULTURA, PECUÁRIA, PRODUÇÃO FLORESTAL, PESCA E AQÜICULTURA"
0131800,013,PRODUÇÃO DE LAVOURAS PERMANENTES,01,A,"AGRICULTURA, PECUÁRIA, PRODUÇÃO FLORESTAL, PESCA E AQÜICULTURA"
0132600,013,PRODUÇÃO DE LAVOURAS PERMANENTES,01,A,"AGRICULTURA, PECUÁRIA, PRODUÇÃO FLORESTAL, PESCA E AQÜICULTURA"
0133401,013,PRODUÇÃO DE LAVOURAS PERMANENTES,01,A,"AGRICULTURA, PECUÁRIA, PRODUÇÃO FLORESTAL, PESCA E AQÜICULTURA"
0133402,013,PRODUÇÃO DE LAVOURAS PERMANENTES,01,A,"AGRICULTURA, PECUÁRIA, PRODUÇÃO FLORESTAL, PESCA E AQÜICULTURA"
0139301,013,PRODUÇÃO DE LAVOURAS PERMANENTES,01,A,"AGRICULTURA, PECUÁRIA, PRODUÇÃO FLORESTAL, PESCA E AQÜICULTURA"
0133407,013,PRODUÇÃO DE LAVOURAS PERMANENTES,01,A,"AGRICULTURA, PECUÁRIA, PRODUÇÃO FLORESTAL, PESCA E AQÜICULTURA"
0133408,013,PRODUÇÃO DE LAVOURAS PERMANENTES,01,A,"AGRICULTURA, PECUÁRIA, PRODUÇÃO FLORESTAL, PESCA E AQÜICULTURA"
0133409,013,PRODUÇÃO DE LAVOURAS PERMANENTES,01,A,"AGRICULTURA, PECUÁRIA, PRODUÇÃO FLORESTAL, PESCA E AQÜICULTURA"
0133410,013,PRODUÇÃO DE LAVOURAS PERMANENTES,01,A,"AGRICULTURA, PECUÁRIA, PRODUÇÃO FLORESTAL, PESCA E AQÜICULTURA"
0133411,013,PRODUÇÃO DE LAVOURAS PERMANENTES,01,A,"AGRICULTURA, PECUÁRIA, PRODUÇÃO FLORESTAL, PESCA E AQÜICULTURA"
0133499,013,PRODUÇÃO DE LAVOURAS PERMANENTES,01,A,"AGRICULTURA, PECUÁRIA, PRODUÇÃO FLORESTAL, PESCA E AQÜICULTURA"
0134200,013,PRODUÇÃO DE LAVOURAS PERMANENTES,01,A,"AGRICULTURA, PECUÁRIA, PRODUÇÃO FLORESTAL, PESCA E AQÜICULTURA"
0135100,013,PRODUÇÃO DE LAVOURAS PERMANENTES,01,A,"AGRICULTURA, PECUÁRIA, PRODUÇÃO FLORESTAL, PESCA E AQÜICULTURA"
0139302,013,PRODUÇÃO DE LAVOURAS PERMANENTES,01,A,"AGRICULTURA, PECUÁRIA, PRODUÇÃO FLORESTAL, PESCA E AQÜICULTURA"
0139303,013,PRODUÇÃO DE LAVOURAS PERMANENTES,01,A,"AGRICULTURA, PECUÁRIA, PRODUÇÃO FLORESTAL, PESCA E AQÜICULTURA"
0152103,015,PECUÁRIA,01,A,"AGRICULTURA, PECUÁRIA, PRODUÇÃO FLORESTAL, PESCA E AQÜICULTURA"
0721902,072,EXTRAÇÃO DE MINERAIS METÁLICOS NÃO-FERROSOS,07,B,INDÚSTRIAS EXTRATIVAS
0139304,013,PRODUÇÃO DE LAVOURAS PERMANENTES,01,A,"AGRICULTURA, PECUÁRIA, PRODUÇÃO FLORESTAL, PESCA E AQÜICULTURA"
0139305,013,PRODUÇÃO DE LAVOURAS PERMANENTES,01,A,"AGRICULTURA, PECUÁRIA, PRODUÇÃO FLORESTAL, PESCA E AQÜICULTURA"
0139306,013,PRODUÇÃO DE LAVOURAS PERMANENTES,01,A,"AGRICULTURA, PECUÁRIA, PRODUÇÃO FLORESTAL, PESCA E AQÜICULTURA"
0139399,013,PRODUÇÃO DE LAVOURAS PERMANENTES,01,A,"AGRICULTURA, PECUÁRIA, PRODUÇÃO FLORESTAL, PESCA E AQÜICULTURA"
0141501,014,PRODUÇÃO DE SEMENTES E MUDAS CERTIFICADAS,01,A,"AGRICULTURA, PECUÁRIA, PRODUÇÃO FLORESTAL, PESCA E AQÜICULTURA"
0141502,014,PRODUÇÃO DE SEMENTES E MUDAS CERTIFICADAS,01,A,"AGRICULTURA, PECUÁRIA, PRODUÇÃO FLORESTAL, PESCA E AQÜICULTURA"
0142300,014,PRODUÇÃO DE SEMENTES E MUDAS CERTIFICADAS,01,A,"AGRICULTURA, PECUÁRIA, PRODUÇÃO FLORESTAL, PESCA E AQÜICULTURA"
0151201,015,PECUÁRIA,01,A,"AGRICULTURA, PECUÁRIA, PRODUÇÃO FLORESTAL, PESCA E AQÜICULTURA"
0151202,015,PECUÁRIA,01,A,"AGRICULTURA, PECUÁRIA, PRODUÇÃO FLORESTAL, PESCA E AQÜICULTURA"
0161002,016,ATIVIDADES DE APOIO À AGRICULTURA E À PECUÁRIA; ATIVIDADES DE PÓS-COLHEITA,01,A,"AGRICULTURA, PECUÁRIA, PRODUÇÃO FLORESTAL, PESCA E AQÜICULTURA"
0152101,015,PECUÁRIA,01,A,"AGRICULTURA, PECUÁRIA, PRODUÇÃO FLORESTAL, PESCA E AQÜICULTURA"
0152102,015,PECUÁRIA,01,A,"AGRICULTURA, PECUÁRIA, PRODUÇÃO FLORESTAL, PESCA E AQÜICULTURA"
0153901,015,PECUÁRIA,01,A,"AGRICULTURA, PECUÁRIA, PRODUÇÃO FLORESTAL, PESCA E AQÜICULTURA"
0153902,015,PECUÁRIA,01,A,"AGRICULTURA, PECUÁRIA, PRODUÇÃO FLORESTAL, PESCA E AQÜICULTURA"
0154700,015,PECUÁRIA,01,A,"AGRICULTURA, PECUÁRIA, PRODUÇÃO FLORESTAL, PESCA E AQÜICULTURA"
0155501,015,PECUÁRIA,01,A,"AGRICULTURA, PECUÁRIA, PRODUÇÃO FLORESTAL, PESCA E AQÜICULTURA"
0155502,015,PECUÁRIA,01,A,"AGRICULTURA, PECUÁRIA, PRODUÇÃO FLORESTAL, PESCA E AQÜICULTURA"
0155503,015,PECUÁRIA,01,A,"AGRICULTURA, PECUÁRIA, PRODUÇÃO FLORESTAL, PESCA E AQÜICULTURA"
0155504,015,PECUÁRIA,01,A,"AGRICULTURA, PECUÁRIA, PRODUÇÃO FLORESTAL, PESCA E AQÜICULTURA"
0155505,015,PECUÁRIA,01,A,"AGRICULTURA, PECUÁRIA, PRODUÇÃO FLORESTAL, PESCA E AQÜICULTURA"
0159801,015,PECUÁRIA,01,A,"AGRICULTURA, PECUÁRIA, PRODUÇÃO FLORESTAL, PESCA E AQÜICULTURA"
0159802,015,PECUÁRIA,01,A,"AGRICULTURA, PECUÁRIA, PRODUÇÃO FLORESTAL, PESCA E AQÜICULTURA"
0159803,015,PECUÁRIA,01,A,"AGRICULTURA, PECUÁRIA, PRODUÇÃO FLORESTAL, PESCA E AQÜICULTURA"
0159804,015,PECUÁRIA,01,A,"AGRICULTURA, PECUÁRIA, PRODUÇÃO FLORESTAL, PESCA E AQÜICULTURA"
0159899,015,PECUÁRIA,01,A,"AGRICULTURA, PECUÁRIA, PRODUÇÃO FLORESTAL, PESCA E AQÜICULTURA"
0161001,016,ATIVIDADES DE APOIO À AGRICULTURA E À PECUÁRIA; ATIVIDADES DE PÓS-COLHEITA,01,A,"AGRICULTURA, PECUÁRIA, PRODUÇÃO FLORESTAL, PESCA E AQÜICULTURA"
0210106,021,PRODUÇÃO FLORESTAL - FLORESTAS PLANTADAS,02,A,"AGRICULTURA, PECUÁRIA, PRODUÇÃO FLORESTAL, PESCA E AQÜICULTURA"
0161003,016,ATIVIDADES DE APOIO À AGRICULTURA E À PECUÁRIA; ATIVIDADES DE PÓS-COLHEITA,01,A,"AGRICULTURA, PECUÁRIA, PRODUÇÃO FLORESTAL, PESCA E AQÜICULTURA"
0210107,021,PRODUÇÃO FLORESTAL - FLORESTAS PLANTADAS,02,A,"AGRICULTURA, PECUÁRIA, PRODUÇÃO FLORESTAL, PESCA E AQÜICULTURA"
0210109,021,PRODUÇÃO FLORESTAL - FLORESTAS PLANTADAS,02,A,"AGRICULTURA, PECUÁRIA, PRODUÇÃO FLORESTAL, PESCA E AQÜICULTURA"
0161099,016,ATIVIDADES DE APOIO À AGRICULTURA E À PECUÁRIA; ATIVIDADES DE PÓS-COLHEITA,01,A,"AGRICULTURA, PECUÁRIA, PRODUÇÃO FLORESTAL, PESCA E AQÜICULTURA"
0162801,016,ATIVIDADES DE APOIO À AGRICULTURA E À PECUÁRIA; ATIVIDADES DE PÓS-COLHEITA,01,A,"AGRICULTURA, PECUÁRIA, PRODUÇÃO FLORESTAL, PESCA E AQÜICULTURA"
0162802,016,ATIVIDADES DE APOIO À AGRICULTURA E À PECUÁRIA; ATIVIDADES DE PÓS-COLHEITA,01,A,"AGRICULTURA, PECUÁRIA, PRODUÇÃO FLORESTAL, PESCA E AQÜICULTURA"
0162803,016,ATIVIDADES DE APOIO À AGRICULTURA E À PECUÁRIA; ATIVIDADES DE PÓS-COLHEITA,01,A,"AGRICULTURA, PECUÁRIA, PRODUÇÃO FLORESTAL, PESCA E AQÜICULTURA"
0162899,016,ATIVIDADES DE APOIO À AGRICULTURA E À PECUÁRIA; ATIVIDADES DE PÓS-COLHEITA,01,A,"AGRICULTURA, PECUÁRIA, PRODUÇÃO FLORESTAL, PESCA E AQÜICULTURA"
0163600,016,ATIVIDADES DE APOIO À AGRICULTURA E À PECUÁRIA; ATIVIDADES DE PÓS-COLHEITA,01,A,"AGRICULTURA, PECUÁRIA, PRODUÇÃO FLORESTAL, PESCA E AQÜICULTURA"
0170900,017,CAÇA E SERVIÇOS RELACIONADOS,01,A,"AGRICULTURA, PECUÁRIA, PRODUÇÃO FLORESTAL, PESCA E AQÜICULTURA"
0210101,021,PRODUÇÃO FLORESTAL - FLORESTAS PLANTADAS,02,A,"AGRICULTURA, PECUÁRIA, PRODUÇÃO FLORESTAL, PESCA E AQÜICULTURA"
0210102,021,PRODUÇÃO FLORESTAL - FLORESTAS PLANTADAS,02,A,"AGRICULTURA, PECUÁRIA, PRODUÇÃO FLORESTAL, PESCA E AQÜICULTURA"
0210103,021,PRODUÇÃO FLORESTAL - FLORESTAS PLANTADAS,02,A,"AGRICULTURA, PECUÁRIA, PRODUÇÃO FLORESTAL, PESCA E AQÜICULTURA"
0210104,021,PRODUÇÃO FLORESTAL - FLORESTAS PLANTADAS,02,A,"AGRICULTURA, PECUÁRIA, PRODUÇÃO FLORESTAL, PESCA E AQÜICULTURA"
0210105,021,PRODUÇÃO FLORESTAL - FLORESTAS PLANTADAS,02,A,"AGRICULTURA, PECUÁRIA, PRODUÇÃO FLORESTAL, PESCA E AQÜICULTURA"
0210108,021,PRODUÇÃO FLORESTAL - FLORESTAS PLANTADAS,02,A,"AGRICULTURA, PECUÁRIA, PRODUÇÃO FLORESTAL, PESCA E AQÜICULTURA"
0210199,021,PRODUÇÃO FLORESTAL - FLORESTAS PLANTADAS,02,A,"AGRICULTURA, PECUÁRIA, PRODUÇÃO FLORESTAL, PESCA E AQÜICULTURA"
0220901,022,PRODUÇÃO FLORESTAL - FLORESTAS NATIVAS,02,A,"AGRICULTURA, PECUÁRIA, PRODUÇÃO FLORESTAL, PESCA E AQÜICULTURA"
0220902,022,PRODUÇÃO FLORESTAL - FLORESTAS NATIVAS,02,A,"AGRICULTURA, PECUÁRIA, PRODUÇÃO FLORESTAL, PESCA E AQÜICULTURA"
0220903,022,PRODUÇÃO FLORESTAL - FLORESTAS NATIVAS,02,A,"AGRICULTURA, PECUÁRIA, PRODUÇÃO FLORESTAL, PESCA E AQÜICULTURA"
0220904,022,PRODUÇÃO FLORESTAL - FLORESTAS NATIVAS,02,A,"AGRICULTURA, PECUÁRIA, PRODUÇÃO FLORESTAL, PESCA E AQÜICULTURA"
0220905,022,PRODUÇÃO FLORESTAL - FLORESTAS NATIVAS,02,A,"AGRICULTURA, PECUÁRIA, PRODUÇÃO FLORESTAL, PESCA E AQÜICULTURA"
0220906,022,PRODUÇÃO FLORESTAL - FLORESTAS NATIVAS,02,A,"AGRICULTURA, PECUÁRIA, PRODUÇÃO FLORESTAL, PESCA E AQÜICULTURA"
0220999,022,PRODUÇÃO FLORESTAL - FLORESTAS NATIVAS,02,A,"AGRICULTURA, PECUÁRIA, PRODUÇÃO FLORESTAL, PESCA E AQÜICULTURA"
0230600,023,ATIVIDADES DE APOIO À PRODUÇÃO FLORESTAL,02,A,"AGRICULTURA, PECUÁRIA, PRODUÇÃO FLORESTAL, PESCA E AQÜICULTURA"
0311601,031,PESCA,03,A,"AGRICULTURA, PECUÁRIA, PRODUÇÃO FLORESTAL, PESCA E AQÜICULTURA"
0311602,031,PESCA,03,A,"AGRICULTURA, PECUÁRIA, PRODUÇÃO FLORESTAL, PESCA E AQÜICULTURA"
0311603,031,PESCA,03,A,"AGRICULTURA, PECUÁRIA, PRODUÇÃO FLORESTAL, PESCA E AQÜICULTURA"
0311604,031,PESCA,03,A,"AGRICULTURA, PECUÁRIA, PRODUÇÃO FLORESTAL, PESCA E AQÜICULTURA"
0312401,031,PESCA,03,A,"AGRICULTURA, PECUÁRIA, PRODUÇÃO FLORESTAL, PESCA E AQÜICULTURA"
0312402,031,PESCA,03,A,"AGRICULTURA, PECUÁRIA, PRODUÇÃO FLORESTAL, PESCA E AQÜICULTURA"
4633803,463,"COMÉRCIO ATACADISTA ESPECIALIZADO EM PRODUTOS ALIMENTÍCIOS, BEBIDAS E FUMO",46,G,COMÉRCIO; REPARAÇÃO DE VEÍCULOS AUTOMOTORES E MOTOCICLETAS
0312403,031,PESCA,03,A,"AGRICULTURA, PECUÁRIA, PRODUÇÃO FLORESTAL, PESCA E AQÜICULTURA"
0312404,031,PESCA,03,A,"AGRICULTURA, PECUÁRIA, PRODUÇÃO FLORESTAL, PESCA E AQÜICULTURA"
0710301,071,EXTRAÇÃO DE MINÉRIO DE FERRO,07,B,INDÚSTRIAS EXTRATIVAS
0710302,071,EXTRAÇÃO DE MINÉRIO DE FERRO,07,B,INDÚSTRIAS EXTRATIVAS
0321301,032,AQÜICULTURA,03,A,"AGRICULTURA, PECUÁRIA, PRODUÇÃO FLORESTAL, PESCA E AQÜICULTURA"
0321302,032,AQÜICULTURA,03,A,"AGRICULTURA, PECUÁRIA, PRODUÇÃO FLORESTAL, PESCA E AQÜICULTURA"
0321303,032,AQÜICULTURA,03,A,"AGRICULTURA, PECUÁRIA, PRODUÇÃO FLORESTAL, PESCA E AQÜICULTURA"
0321304,032,AQÜICULTURA,03,A,"AGRICULTURA, PECUÁRIA, PRODUÇÃO FLORESTAL, PESCA E AQÜICULTURA"
0321305,032,AQÜICULTURA,03,A,"AGRICULTURA, PECUÁRIA, PRODUÇÃO FLORESTAL, PESCA E AQÜICULTURA"
0321399,032,AQÜICULTURA,03,A,"AGRICULTURA, PECUÁRIA, PRODUÇÃO FLORESTAL, PESCA E AQÜICULTURA"
0322101,032,AQÜICULTURA,03,A,"AGRICULTURA, PECUÁRIA, PRODUÇÃO FLORESTAL, PESCA E AQÜICULTURA"
0322102,032,AQÜICULTURA,03,A,"AGRICULTURA, PECUÁRIA, PRODUÇÃO FLORESTAL, PESCA E AQÜICULTURA"
0322103,032,AQÜICULTURA,03,A,"AGRICULTURA, PECUÁRIA, PRODUÇÃO FLORESTAL, PESCA E AQÜICULTURA"
0322104,032,AQÜICULTURA,03,A,"AGRICULTURA, PECUÁRIA, PRODUÇÃO FLORESTAL, PESCA E AQÜICULTURA"
0322105,032,AQÜICULTURA,03,A,"AGRICULTURA, PECUÁRIA, PRODUÇÃO FLORESTAL, PESCA E AQÜICULTURA"
0322106,032,AQÜICULTURA,03,A,"AGRICULTURA, PECUÁRIA, PRODUÇÃO FLORESTAL, PESCA E AQÜICULTURA"
0322107,032,AQÜICULTURA,03,A,"AGRICULTURA, PECUÁRIA, PRODUÇÃO FLORESTAL, PESCA E AQÜICULTURA"
0322199,032,AQÜICULTURA,03,A,"AGRICULTURA, PECUÁRIA, PRODUÇÃO FLORESTAL, PESCA E AQÜICULTURA"
0500301,050,EXTRAÇÃO DE CARVÃO MINERAL,05,B,INDÚSTRIAS EXTRATIVAS
0500302,050,EXTRAÇÃO DE CARVÃO MINERAL,05,B,INDÚSTRIAS EXTRATIVAS
0600001,060,EXTRAÇÃO DE PETRÓLEO E GÁS NATURAL,06,B,INDÚSTRIAS EXTRATIVAS
0600002,060,EXTRAÇÃO DE PETRÓLEO E GÁS NATURAL,06,B,INDÚSTRIAS EXTRATIVAS
0600003,060,EXTRAÇÃO DE PETRÓLEO E GÁS NATURAL,06,B,INDÚSTRIAS EXTRATIVAS
0722701,072,EXTRAÇÃO DE MINERAIS METÁLICOS NÃO-FERROSOS,07,B,INDÚSTRIAS EXTRATIVAS
0722702,072,EXTRAÇÃO DE MINERAIS METÁLICOS NÃO-FERROSOS,07,B,INDÚSTRIAS EXTRATIVAS
0723501,072,EXTRAÇÃO DE MINERAIS METÁLICOS NÃO-FERROSOS,07,B,INDÚSTRIAS EXTRATIVAS
0723502,072,EXTRAÇÃO DE MINERAIS METÁLICOS NÃO-FERROSOS,07,B,INDÚSTRIAS EXTRATIVAS
0724301,072,EXTRAÇÃO DE MINERAIS METÁLICOS NÃO-FERROSOS,07,B,INDÚSTRIAS EXTRATIVAS
0724302,072,EXTRAÇÃO DE MINERAIS METÁLICOS NÃO-FERROSOS,07,B,INDÚSTRIAS EXTRATIVAS
0725100,072,EXTRAÇÃO DE MINERAIS METÁLICOS NÃO-FERROSOS,07,B,INDÚSTRIAS EXTRATIVAS
0729401,072,EXTRAÇÃO DE MINERAIS METÁLICOS NÃO-FERROSOS,07,B,INDÚSTRIAS EXTRATIVAS
0729402,072,EXTRAÇÃO DE MINERAIS METÁLICOS NÃO-FERROSOS,07,B,INDÚSTRIAS EXTRATIVAS
0729403,072,EXTRAÇÃO DE MINERAIS METÁLICOS NÃO-FERROSOS,07,B,INDÚSTRIAS EXTRATIVAS
0729404,072,EXTRAÇÃO DE MINERAIS METÁLICOS NÃO-FERROSOS,07,B,INDÚSTRIAS EXTRATIVAS
0729405,072,EXTRAÇÃO DE MINERAIS METÁLICOS NÃO-FERROSOS,07,B,INDÚSTRIAS EXTRATIVAS
0810001,081,"EXTRAÇÃO DE PEDRA, AREIA E ARGILA",08,B,INDÚSTRIAS EXTRATIVAS
0810002,081,"EXTRAÇÃO DE PEDRA, AREIA E ARGILA",08,B,INDÚSTRIAS EXTRATIVAS
0810003,081,"EXTRAÇÃO DE PEDRA, AREIA E ARGILA",08,B,INDÚSTRIAS EXTRATIVAS
1012102,101,ABATE E FABRICAÇÃO DE PRODUTOS DE CARNE,10,C,INDÚSTRIAS DE TRANSFORMAÇÃO
6621502,662,"ATIVIDADES AUXILIARES DOS SEGUROS, DA PREVIDÊNCIA COMPLEMENTAR E DOS PLANOS DE SAÚDE",66,K,"ATIVIDADES FINANCEIRAS, DE SEGUROS E SERVIÇOS RELACIONADOS"
0810004,081,"EXTRAÇÃO DE PEDRA, AREIA E ARGILA",08,B,INDÚSTRIAS EXTRATIVAS
0810005,081,"EXTRAÇÃO DE PEDRA, AREIA E ARGILA",08,B,INDÚSTRIAS EXTRATIVAS
0810006,081,"EXTRAÇÃO DE PEDRA, AREIA E ARGILA",08,B,INDÚSTRIAS EXTRATIVAS
9603302,960,OUTRAS ATIVIDADES DE SERVIÇOS PESSOAIS,96,S,OUTRAS ATIVIDADES DE SERVIÇOS
0810007,081,"EXTRAÇÃO DE PEDRA, AREIA E ARGILA",08,B,INDÚSTRIAS EXTRATIVAS
0810008,081,"EXTRAÇÃO DE PEDRA, AREIA E ARGILA",08,B,INDÚSTRIAS EXTRATIVAS
0810009,081,"EXTRAÇÃO DE PEDRA, AREIA E ARGILA",08,B,INDÚSTRIAS EXTRATIVAS
0810010,081,"EXTRAÇÃO DE PEDRA, AREIA E ARGILA",08,B,INDÚSTRIAS EXTRATIVAS
0810099,081,"EXTRAÇÃO DE PEDRA, AREIA E ARGILA",08,B,INDÚSTRIAS EXTRATIVAS
0891600,089,EXTRAÇÃO DE OUTROS MINERAIS NÃO-METÁLICOS,08,B,INDÚSTRIAS EXTRATIVAS
0892401,089,EXTRAÇÃO DE OUTROS MINERAIS NÃO-METÁLICOS,08,B,INDÚSTRIAS EXTRATIVAS
0892402,089,EXTRAÇÃO DE OUTROS MINERAIS NÃO-METÁLICOS,08,B,INDÚSTRIAS EXTRATIVAS
0892403,089,EXTRAÇÃO DE OUTROS MINERAIS NÃO-METÁLICOS,08,B,INDÚSTRIAS EXTRATIVAS
0893200,089,EXTRAÇÃO DE OUTROS MINERAIS NÃO-METÁLICOS,08,B,INDÚSTRIAS EXTRATIVAS
0899101,089,EXTRAÇÃO DE OUTROS MINERAIS NÃO-METÁLICOS,08,B,INDÚSTRIAS EXTRATIVAS
0899102,089,EXTRAÇÃO DE OUTROS MINERAIS NÃO-METÁLICOS,08,B,INDÚSTRIAS EXTRATIVAS
0899103,089,EXTRAÇÃO DE OUTROS MINERAIS NÃO-METÁLICOS,08,B,INDÚSTRIAS EXTRATIVAS
0899199,089,EXTRAÇÃO DE OUTROS MINERAIS NÃO-METÁLICOS,08,B,INDÚSTRIAS EXTRATIVAS
1043100,104,FABRICAÇÃO DE ÓLEOS E GORDURAS VEGETAIS E ANIMAIS,10,C,INDÚSTRIAS DE TRANSFORMAÇÃO
1051100,105,LATICÍNIOS,10,C,INDÚSTRIAS DE TRANSFORMAÇÃO
1351100,135,"FABRICAÇÃO DE ARTEFATOS TÊXTEIS, EXCETO VESTUÁRIO",13,C,INDÚSTRIAS DE TRANSFORMAÇÃO
0910600,091,ATIVIDADES DE APOIO À EXTRAÇÃO DE PETRÓLEO E GÁS NATURAL,09,B,INDÚSTRIAS EXTRATIVAS
0990401,099,"ATIVIDADES DE APOIO À EXTRAÇÃO DE MINERAIS, EXCETO PETRÓLEO E GÁS NATURAL",09,B,INDÚSTRIAS EXTRATIVAS
0990402,099,"ATIVIDADES DE APOIO À EXTRAÇÃO DE MINERAIS, EXCETO PETRÓLEO E GÁS NATURAL",09,B,INDÚSTRIAS EXTRATIVAS
0990403,099,"ATIVIDADES DE APOIO À EXTRAÇÃO DE MINERAIS, EXCETO PETRÓLEO E GÁS NATURAL",09,B,INDÚSTRIAS EXTRATIVAS
1011201,101,ABATE E FABRICAÇÃO DE PRODUTOS DE CARNE,10,C,INDÚSTRIAS DE TRANSFORMAÇÃO
1011202,101,ABATE E FABRICAÇÃO DE PRODUTOS DE CARNE,10,C,INDÚSTRIAS DE TRANSFORMAÇÃO
1011203,101,ABATE E FABRICAÇÃO DE PRODUTOS DE CARNE,10,C,INDÚSTRIAS DE TRANSFORMAÇÃO
1011204,101,ABATE E FABRICAÇÃO DE PRODUTOS DE CARNE,10,C,INDÚSTRIAS DE TRANSFORMAÇÃO
1011205,101,ABATE E FABRICAÇÃO DE PRODUTOS DE CARNE,10,C,INDÚSTRIAS DE TRANSFORMAÇÃO
1012101,101,ABATE E FABRICAÇÃO DE PRODUTOS DE CARNE,10,C,INDÚSTRIAS DE TRANSFORMAÇÃO
1012103,101,ABATE E FABRICAÇÃO DE PRODUTOS DE CARNE,10,C,INDÚSTRIAS DE TRANSFORMAÇÃO
1012104,101,ABATE E FABRICAÇÃO DE PRODUTOS DE CARNE,10,C,INDÚSTRIAS DE TRANSFORMAÇÃO
1013901,101,ABATE E FABRICAÇÃO DE PRODUTOS DE CARNE,10,C,INDÚSTRIAS DE TRANSFORMAÇÃO
1013902,101,ABATE E FABRICAÇÃO DE PRODUTOS DE CARNE,10,C,INDÚSTRIAS DE TRANSFORMAÇÃO
1020101,102,PRESERVAÇÃO DO PESCADO E FABRICAÇÃO DE PRODUTOS DO PESCADO,10,C,INDÚSTRIAS DE TRANSFORMAÇÃO
1020102,102,PRESERVAÇÃO DO PESCADO E FABRICAÇÃO DE PRODUTOS DO PESCADO,10,C,INDÚSTRIAS DE TRANSFORMAÇÃO
1031700,103,"FABRICAÇÃO DE CONSERVAS DE FRUTAS, LEGUMES E OUTROS VEGETAIS",10,C,INDÚSTRIAS DE TRANSFORMAÇÃO
1032501,103,"FABRICAÇÃO DE CONSERVAS DE FRUTAS, LEGUMES E OUTROS VEGETAIS",10,C,INDÚSTRIAS DE TRANSFORMAÇÃO
1032599,103,"FABRICAÇÃO DE CONSERVAS DE FRUTAS, LEGUMES E OUTROS VEGETAIS",10,C,INDÚSTRIAS DE TRANSFORMAÇÃO
1033301,103,"FABRICAÇÃO DE CONSERVAS DE FRUTAS, LEGUMES E OUTROS VEGETAIS",10,C,INDÚSTRIAS DE TRANSFORMAÇÃO
1033302,103,"FABRICAÇÃO DE CONSERVAS DE FRUTAS, LEGUMES E OUTROS VEGETAIS",10,C,INDÚSTRIAS DE TRANSFORMAÇÃO
1041400,104,FABRICAÇÃO DE ÓLEOS E GORDURAS VEGETAIS E ANIMAIS,10,C,INDÚSTRIAS DE TRANSFORMAÇÃO
1042200,104,FABRICAÇÃO DE ÓLEOS E GORDURAS VEGETAIS E ANIMAIS,10,C,INDÚSTRIAS DE TRANSFORMAÇÃO
1052000,105,LATICÍNIOS,10,C,INDÚSTRIAS DE TRANSFORMAÇÃO
1053800,105,LATICÍNIOS,10,C,INDÚSTRIAS DE TRANSFORMAÇÃO
1061901,106,"MOAGEM, FABRICAÇÃO DE PRODUTOS AMILÁCEOS E DE ALIMENTOS PARA ANIMAIS",10,C,INDÚSTRIAS DE TRANSFORMAÇÃO
1061902,106,"MOAGEM, FABRICAÇÃO DE PRODUTOS AMILÁCEOS E DE ALIMENTOS PARA ANIMAIS",10,C,INDÚSTRIAS DE TRANSFORMAÇÃO
1062700,106,"MOAGEM, FABRICAÇÃO DE PRODUTOS AMILÁCEOS E DE ALIMENTOS PARA ANIMAIS",10,C,INDÚSTRIAS DE TRANSFORMAÇÃO
1063500,106,"MOAGEM, FABRICAÇÃO DE PRODUTOS AMILÁCEOS E DE ALIMENTOS PARA ANIMAIS",10,C,INDÚSTRIAS DE TRANSFORMAÇÃO
1064300,106,"MOAGEM, FABRICAÇÃO DE PRODUTOS AMILÁCEOS E DE ALIMENTOS PARA ANIMAIS",10,C,INDÚSTRIAS DE TRANSFORMAÇÃO
1065101,106,"MOAGEM, FABRICAÇÃO DE PRODUTOS AMILÁCEOS E DE ALIMENTOS PARA ANIMAIS",10,C,INDÚSTRIAS DE TRANSFORMAÇÃO
1065102,106,"MOAGEM, FABRICAÇÃO DE PRODUTOS AMILÁCEOS E DE ALIMENTOS PARA ANIMAIS",10,C,INDÚSTRIAS DE TRANSFORMAÇÃO
1065103,106,"MOAGEM, FABRICAÇÃO DE PRODUTOS AMILÁCEOS E DE ALIMENTOS PARA ANIMAIS",10,C,INDÚSTRIAS DE TRANSFORMAÇÃO
1066000,106,"MOAGEM, FABRICAÇÃO DE PRODUTOS AMILÁCEOS E DE ALIMENTOS PARA ANIMAIS",10,C,INDÚSTRIAS DE TRANSFORMAÇÃO
1069400,106,"MOAGEM, FABRICAÇÃO DE PRODUTOS AMILÁCEOS E DE ALIMENTOS PARA ANIMAIS",10,C,INDÚSTRIAS DE TRANSFORMAÇÃO
1071600,107,FABRICAÇÃO E REFINO DE AÇÚCAR,10,C,INDÚSTRIAS DE TRANSFORMAÇÃO
1072401,107,FABRICAÇÃO E REFINO DE AÇÚCAR,10,C,INDÚSTRIAS DE TRANSFORMAÇÃO
1072402,107,FABRICAÇÃO E REFINO DE AÇÚCAR,10,C,INDÚSTRIAS DE TRANSFORMAÇÃO
1081301,108,TORREFAÇÃO E MOAGEM DE CAFÉ,10,C,INDÚSTRIAS DE TRANSFORMAÇÃO
1421500,142,FABRICAÇÃO DE ARTIGOS DE MALHARIA E TRICOTAGEM,14,C,INDÚSTRIAS DE TRANSFORMAÇÃO
4763603,476,"COMÉRCIO VAREJISTA DE ARTIGOS CULTURAIS, RECREATIVOS E ESPORTIVOS",47,G,COMÉRCIO; REPARAÇÃO DE VEÍCULOS AUTOMOTORES E MOTOCICLETAS
2062200,206,"FABRICAÇÃO DE SABÕES, DETERGENTES, PRODUTOS DE LIMPEZA, COSMÉTICOS, PRODUTOS DE PERFUMARIA E DE HIGIENE PESSOAL",20,C,INDÚSTRIAS DE TRANSFORMAÇÃO
1081302,108,TORREFAÇÃO E MOAGEM DE CAFÉ,10,C,INDÚSTRIAS DE TRANSFORMAÇÃO
1082100,108,TORREFAÇÃO E MOAGEM DE CAFÉ,10,C,INDÚSTRIAS DE TRANSFORMAÇÃO
1091101,109,FABRICAÇÃO DE OUTROS PRODUTOS ALIMENTÍCIOS,10,C,INDÚSTRIAS DE TRANSFORMAÇÃO
1091102,109,FABRICAÇÃO DE OUTROS PRODUTOS ALIMENTÍCIOS,10,C,INDÚSTRIAS DE TRANSFORMAÇÃO
1092900,109,FABRICAÇÃO DE OUTROS PRODUTOS ALIMENTÍCIOS,10,C,INDÚSTRIAS DE TRANSFORMAÇÃO
1093701,109,FABRICAÇÃO DE OUTROS PRODUTOS ALIMENTÍCIOS,10,C,INDÚSTRIAS DE TRANSFORMAÇÃO
1093702,109,FABRICAÇÃO DE OUTROS PRODUTOS ALIMENTÍCIOS,10,C,INDÚSTRIAS DE TRANSFORMAÇÃO
1094500,109,FABRICAÇÃO DE OUTROS PRODUTOS ALIMENTÍCIOS,10,C,INDÚSTRIAS DE TRANSFORMAÇÃO
1095300,109,FABRICAÇÃO DE OUTROS PRODUTOS ALIMENTÍCIOS,10,C,INDÚSTRIAS DE TRANSFORMAÇÃO
1099601,109,FABRICAÇÃO DE OUTROS PRODUTOS ALIMENTÍCIOS,10,C,INDÚSTRIAS DE TRANSFORMAÇÃO
1099602,109,FABRICAÇÃO DE OUTROS PRODUTOS ALIMENTÍCIOS,10,C,INDÚSTRIAS DE TRANSFORMAÇÃO
1099603,109,FABRICAÇÃO DE OUTROS PRODUTOS ALIMENTÍCIOS,10,C,INDÚSTRIAS DE TRANSFORMAÇÃO
1099604,109,FABRICAÇÃO DE OUTROS PRODUTOS ALIMENTÍCIOS,10,C,INDÚSTRIAS DE TRANSFORMAÇÃO
1099605,109,FABRICAÇÃO DE OUTROS PRODUTOS ALIMENTÍCIOS,10,C,INDÚSTRIAS DE TRANSFORMAÇÃO
1099606,109,FABRICAÇÃO DE OUTROS PRODUTOS ALIMENTÍCIOS,10,C,INDÚSTRIAS DE TRANSFORMAÇÃO
1099607,109,FABRICAÇÃO DE OUTROS PRODUTOS ALIMENTÍCIOS,10,C,INDÚSTRIAS DE TRANSFORMAÇÃO
1311100,131,PREPARAÇÃO E FIAÇÃO DE FIBRAS TÊXTEIS,13,C,INDÚSTRIAS DE TRANSFORMAÇÃO
1312000,131,PREPARAÇÃO E FIAÇÃO DE FIBRAS TÊXTEIS,13,C,INDÚSTRIAS DE TRANSFORMAÇÃO
1099699,109,FABRICAÇÃO DE OUTROS PRODUTOS ALIMENTÍCIOS,10,C,INDÚSTRIAS DE TRANSFORMAÇÃO
1111901,111,FABRICAÇÃO DE BEBIDAS ALCOÓLICAS,11,C,INDÚSTRIAS DE TRANSFORMAÇÃO
1111902,111,FABRICAÇÃO DE BEBIDAS ALCOÓLICAS,11,C,INDÚSTRIAS DE TRANSFORMAÇÃO
1112700,111,FABRICAÇÃO DE BEBIDAS ALCOÓLICAS,11,C,INDÚSTRIAS DE TRANSFORMAÇÃO
1113501,111,FABRICAÇÃO DE BEBIDAS ALCOÓLICAS,11,C,INDÚSTRIAS DE TRANSFORMAÇÃO
1113502,111,FABRICAÇÃO DE BEBIDAS ALCOÓLICAS,11,C,INDÚSTRIAS DE TRANSFORMAÇÃO
1121600,112,FABRICAÇÃO DE BEBIDAS NÃO-ALCOÓLICAS,11,C,INDÚSTRIAS DE TRANSFORMAÇÃO
1122401,112,FABRICAÇÃO DE BEBIDAS NÃO-ALCOÓLICAS,11,C,INDÚSTRIAS DE TRANSFORMAÇÃO
1122402,112,FABRICAÇÃO DE BEBIDAS NÃO-ALCOÓLICAS,11,C,INDÚSTRIAS DE TRANSFORMAÇÃO
1122403,112,FABRICAÇÃO DE BEBIDAS NÃO-ALCOÓLICAS,11,C,INDÚSTRIAS DE TRANSFORMAÇÃO
1122404,112,FABRICAÇÃO DE BEBIDAS NÃO-ALCOÓLICAS,11,C,INDÚSTRIAS DE TRANSFORMAÇÃO
1122499,112,FABRICAÇÃO DE BEBIDAS NÃO-ALCOÓLICAS,11,C,INDÚSTRIAS DE TRANSFORMAÇÃO
1210700,121,PROCESSAMENTO INDUSTRIAL DO FUMO,12,C,INDÚSTRIAS DE TRANSFORMAÇÃO
1220401,122,FABRICAÇÃO DE PRODUTOS DO FUMO,12,C,INDÚSTRIAS DE TRANSFORMAÇÃO
1220402,122,FABRICAÇÃO DE PRODUTOS DO FUMO,12,C,INDÚSTRIAS DE TRANSFORMAÇÃO
1220403,122,FABRICAÇÃO DE PRODUTOS DO FUMO,12,C,INDÚSTRIAS DE TRANSFORMAÇÃO
1220499,122,FABRICAÇÃO DE PRODUTOS DO FUMO,12,C,INDÚSTRIAS DE TRANSFORMAÇÃO
1313800,131,PREPARAÇÃO E FIAÇÃO DE FIBRAS TÊXTEIS,13,C,INDÚSTRIAS DE TRANSFORMAÇÃO
1314600,131,PREPARAÇÃO E FIAÇÃO DE FIBRAS TÊXTEIS,13,C,INDÚSTRIAS DE TRANSFORMAÇÃO
1321900,132,"TECELAGEM, EXCETO MALHA",13,C,INDÚSTRIAS DE TRANSFORMAÇÃO
1322700,132,"TECELAGEM, EXCETO MALHA",13,C,INDÚSTRIAS DE TRANSFORMAÇÃO
1323500,132,"TECELAGEM, EXCETO MALHA",13,C,INDÚSTRIAS DE TRANSFORMAÇÃO
1330800,133,FABRICAÇÃO DE TECIDOS DE MALHA,13,C,INDÚSTRIAS DE TRANSFORMAÇÃO
1340501,134,"ACABAMENTOS EM FIOS, TECIDOS E ARTEFATOS TÊXTEIS",13,C,INDÚSTRIAS DE TRANSFORMAÇÃO
1340502,134,"ACABAMENTOS EM FIOS, TECIDOS E ARTEFATOS TÊXTEIS",13,C,INDÚSTRIAS DE TRANSFORMAÇÃO
1932200,193,FABRICAÇÃO DE BIOCOMBUSTÍVEIS,19,C,INDÚSTRIAS DE TRANSFORMAÇÃO
1340599,134,"ACABAMENTOS EM FIOS, TECIDOS E ARTEFATOS TÊXTEIS",13,C,INDÚSTRIAS DE TRANSFORMAÇÃO
7729202,772,ALUGUEL DE OBJETOS PESSOAIS E DOMÉSTICOS,77,N,ATIVIDADES ADMINISTRATIVAS E SERVIÇOS COMPLEMENTARES
1352900,135,"FABRICAÇÃO DE ARTEFATOS TÊXTEIS, EXCETO VESTUÁRIO",13,C,INDÚSTRIAS DE TRANSFORMAÇÃO
1353700,135,"FABRICAÇÃO DE ARTEFATOS TÊXTEIS, EXCETO VESTUÁRIO",13,C,INDÚSTRIAS DE TRANSFORMAÇÃO
1354500,135,"FABRICAÇÃO DE ARTEFATOS TÊXTEIS, EXCETO VESTUÁRIO",13,C,INDÚSTRIAS DE TRANSFORMAÇÃO
1359600,135,"FABRICAÇÃO DE ARTEFATOS TÊXTEIS, EXCETO VESTUÁRIO",13,C,INDÚSTRIAS DE TRANSFORMAÇÃO
1411801,141,CONFECÇÃO DE ARTIGOS DO VESTUÁRIO E ACESSÓRIOS,14,C,INDÚSTRIAS DE TRANSFORMAÇÃO
1411802,141,CONFECÇÃO DE ARTIGOS DO VESTUÁRIO E ACESSÓRIOS,14,C,INDÚSTRIAS DE TRANSFORMAÇÃO
1412601,141,CONFECÇÃO DE ARTIGOS DO VESTUÁRIO E ACESSÓRIOS,14,C,INDÚSTRIAS DE TRANSFORMAÇÃO
1412602,141,CONFECÇÃO DE ARTIGOS DO VESTUÁRIO E ACESSÓRIOS,14,C,INDÚSTRIAS DE TRANSFORMAÇÃO
1412603,141,CONFECÇÃO DE ARTIGOS DO VESTUÁRIO E ACESSÓRIOS,14,C,INDÚSTRIAS DE TRANSFORMAÇÃO
1413401,141,CONFECÇÃO DE ARTIGOS DO VESTUÁRIO E ACESSÓRIOS,14,C,INDÚSTRIAS DE TRANSFORMAÇÃO
1413402,141,CONFECÇÃO DE ARTIGOS DO VESTUÁRIO E ACESSÓRIOS,14,C,INDÚSTRIAS DE TRANSFORMAÇÃO
1413403,141,CONFECÇÃO DE ARTIGOS DO VESTUÁRIO E ACESSÓRIOS,14,C,INDÚSTRIAS DE TRANSFORMAÇÃO
1622699,162,"FABRICAÇÃO DE PRODUTOS DE MADEIRA, CORTIÇA E MATERIAL TRANÇADO, EXCETO MÓVEIS",16,C,INDÚSTRIAS DE TRANSFORMAÇÃO
4763604,476,"COMÉRCIO VAREJISTA DE ARTIGOS CULTURAIS, RECREATIVOS E ESPORTIVOS",47,G,COMÉRCIO; REPARAÇÃO DE VEÍCULOS AUTOMOTORES E MOTOCICLETAS
1414200,141,CONFECÇÃO DE ARTIGOS DO VESTUÁRIO E ACESSÓRIOS,14,C,INDÚSTRIAS DE TRANSFORMAÇÃO
7729203,772,ALUGUEL DE OBJETOS PESSOAIS E DOMÉSTICOS,77,N,ATIVIDADES ADMINISTRATIVAS E SERVIÇOS COMPLEMENTARES
1422300,142,FABRICAÇÃO DE ARTIGOS DE MALHARIA E TRICOTAGEM,14,C,INDÚSTRIAS DE TRANSFORMAÇÃO
1510600,151,CURTIMENTO E OUTRAS PREPARAÇÕES DE COURO,15,C,INDÚSTRIAS DE TRANSFORMAÇÃO
1521100,152,FABRICAÇÃO DE ARTIGOS PARA VIAGEM E DE ARTEFATOS DIVERSOS DE COURO,15,C,INDÚSTRIAS DE TRANSFORMAÇÃO
1529700,152,FABRICAÇÃO DE ARTIGOS PARA VIAGEM E DE ARTEFATOS DIVERSOS DE COURO,15,C,INDÚSTRIAS DE TRANSFORMAÇÃO
1531901,153,FABRICAÇÃO DE CALÇADOS,15,C,INDÚSTRIAS DE TRANSFORMAÇÃO
1531902,153,FABRICAÇÃO DE CALÇADOS,15,C,INDÚSTRIAS DE TRANSFORMAÇÃO
1532700,153,FABRICAÇÃO DE CALÇADOS,15,C,INDÚSTRIAS DE TRANSFORMAÇÃO
1533500,153,FABRICAÇÃO DE CALÇADOS,15,C,INDÚSTRIAS DE TRANSFORMAÇÃO
1539400,153,FABRICAÇÃO DE CALÇADOS,15,C,INDÚSTRIAS DE TRANSFORMAÇÃO
1540800,154,"FABRICAÇÃO DE PARTES PARA CALÇADOS, DE QUALQUER MATERIAL",15,C,INDÚSTRIAS DE TRANSFORMAÇÃO
1621800,162,"FABRICAÇÃO DE PRODUTOS DE MADEIRA, CORTIÇA E MATERIAL TRANÇADO, EXCETO MÓVEIS",16,C,INDÚSTRIAS DE TRANSFORMAÇÃO
1622601,162,"FABRICAÇÃO DE PRODUTOS DE MADEIRA, CORTIÇA E MATERIAL TRANÇADO, EXCETO MÓVEIS",16,C,INDÚSTRIAS DE TRANSFORMAÇÃO
1622602,162,"FABRICAÇÃO DE PRODUTOS DE MADEIRA, CORTIÇA E MATERIAL TRANÇADO, EXCETO MÓVEIS",16,C,INDÚSTRIAS DE TRANSFORMAÇÃO
4924800,492,TRANSPORTE RODOVIÁRIO DE PASSAGEIROS,49,H,"TRANSPORTE, ARMAZENAGEM E CORREIO"
1623400,162,"FABRICAÇÃO DE PRODUTOS DE MADEIRA, CORTIÇA E MATERIAL TRANÇADO, EXCETO MÓVEIS",16,C,INDÚSTRIAS DE TRANSFORMAÇÃO
4643501,464,COMÉRCIO ATACADISTA DE PRODUTOS DE CONSUMO NÃO-ALIMENTAR,46,G,COMÉRCIO; REPARAÇÃO DE VEÍCULOS AUTOMOTORES E MOTOCICLETAS
8599601,859,OUTRAS ATIVIDADES DE ENSINO,85,P,EDUCAÇÃO
1629301,162,"FABRICAÇÃO DE PRODUTOS DE MADEIRA, CORTIÇA E MATERIAL TRANÇADO, EXCETO MÓVEIS",16,C,INDÚSTRIAS DE TRANSFORMAÇÃO
1629302,162,"FABRICAÇÃO DE PRODUTOS DE MADEIRA, CORTIÇA E MATERIAL TRANÇADO, EXCETO MÓVEIS",16,C,INDÚSTRIAS DE TRANSFORMAÇÃO
1710900,171,FABRICAÇÃO DE CELULOSE E OUTRAS PASTAS PARA A FABRICAÇÃO DE PAPEL,17,C,INDÚSTRIAS DE TRANSFORMAÇÃO
1721400,172,"FABRICAÇÃO DE PAPEL, CARTOLINA E PAPEL-CARTÃO",17,C,INDÚSTRIAS DE TRANSFORMAÇÃO
1722200,172,"FABRICAÇÃO DE PAPEL, CARTOLINA E PAPEL-CARTÃO",17,C,INDÚSTRIAS DE TRANSFORMAÇÃO
1731100,173,"FABRICAÇÃO DE EMBALAGENS DE PAPEL, CARTOLINA, PAPEL-CARTÃO E PAPELÃO ONDULADO",17,C,INDÚSTRIAS DE TRANSFORMAÇÃO
1732000,173,"FABRICAÇÃO DE EMBALAGENS DE PAPEL, CARTOLINA, PAPEL-CARTÃO E PAPELÃO ONDULADO",17,C,INDÚSTRIAS DE TRANSFORMAÇÃO
1733800,173,"FABRICAÇÃO DE EMBALAGENS DE PAPEL, CARTOLINA, PAPEL-CARTÃO E PAPELÃO ONDULADO",17,C,INDÚSTRIAS DE TRANSFORMAÇÃO
1741901,174,"FABRICAÇÃO DE PRODUTOS DIVERSOS DE PAPEL, CARTOLINA, PAPEL-CARTÃO E PAPELÃO ONDULADO",17,C,INDÚSTRIAS DE TRANSFORMAÇÃO
1741902,174,"FABRICAÇÃO DE PRODUTOS DIVERSOS DE PAPEL, CARTOLINA, PAPEL-CARTÃO E PAPELÃO ONDULADO",17,C,INDÚSTRIAS DE TRANSFORMAÇÃO
1742701,174,"FABRICAÇÃO DE PRODUTOS DIVERSOS DE PAPEL, CARTOLINA, PAPEL-CARTÃO E PAPELÃO ONDULADO",17,C,INDÚSTRIAS DE TRANSFORMAÇÃO
1742702,174,"FABRICAÇÃO DE PRODUTOS DIVERSOS DE PAPEL, CARTOLINA, PAPEL-CARTÃO E PAPELÃO ONDULADO",17,C,INDÚSTRIAS DE TRANSFORMAÇÃO
1742799,174,"FABRICAÇÃO DE PRODUTOS DIVERSOS DE PAPEL, CARTOLINA, PAPEL-CARTÃO E PAPELÃO ONDULADO",17,C,INDÚSTRIAS DE TRANSFORMAÇÃO
1749400,174,"FABRICAÇÃO DE PRODUTOS DIVERSOS DE PAPEL, CARTOLINA, PAPEL-CARTÃO E PAPELÃO ONDULADO",17,C,INDÚSTRIAS DE TRANSFORMAÇÃO
1922599,192,FABRICAÇÃO DE PRODUTOS DERIVADOS DO PETRÓLEO,19,C,INDÚSTRIAS DE TRANSFORMAÇÃO
1811301,181,ATIVIDADE DE IMPRESSÃO,18,C,INDÚSTRIAS DE TRANSFORMAÇÃO
2011800,201,FABRICAÇÃO DE PRODUTOS QUÍMICOS INORGÂNICOS,20,C,INDÚSTRIAS DE TRANSFORMAÇÃO
1811302,181,ATIVIDADE DE IMPRESSÃO,18,C,INDÚSTRIAS DE TRANSFORMAÇÃO
1812100,181,ATIVIDADE DE IMPRESSÃO,18,C,INDÚSTRIAS DE TRANSFORMAÇÃO
1813001,181,ATIVIDADE DE IMPRESSÃO,18,C,INDÚSTRIAS DE TRANSFORMAÇÃO
1813099,181,ATIVIDADE DE IMPRESSÃO,18,C,INDÚSTRIAS DE TRANSFORMAÇÃO
1821100,182,SERVIÇOS DE PRÉ-IMPRESSÃO E ACABAMENTOS GRÁFICOS,18,C,INDÚSTRIAS DE TRANSFORMAÇÃO
1822901,182,SERVIÇOS DE PRÉ-IMPRESSÃO E ACABAMENTOS GRÁFICOS,18,C,INDÚSTRIAS DE TRANSFORMAÇÃO
1822999,182,SERVIÇOS DE PRÉ-IMPRESSÃO E ACABAMENTOS GRÁFICOS,18,C,INDÚSTRIAS DE TRANSFORMAÇÃO
1830001,183,REPRODUÇÃO DE MATERIAIS GRAVADOS EM QUALQUER SUPORTE,18,C,INDÚSTRIAS DE TRANSFORMAÇÃO
1830002,183,REPRODUÇÃO DE MATERIAIS GRAVADOS EM QUALQUER SUPORTE,18,C,INDÚSTRIAS DE TRANSFORMAÇÃO
1830003,183,REPRODUÇÃO DE MATERIAIS GRAVADOS EM QUALQUER SUPORTE,18,C,INDÚSTRIAS DE TRANSFORMAÇÃO
1910100,191,COQUERIAS,19,C,INDÚSTRIAS DE TRANSFORMAÇÃO
1922501,192,FABRICAÇÃO DE PRODUTOS DERIVADOS DO PETRÓLEO,19,C,INDÚSTRIAS DE TRANSFORMAÇÃO
1922502,192,FABRICAÇÃO DE PRODUTOS DERIVADOS DO PETRÓLEO,19,C,INDÚSTRIAS DE TRANSFORMAÇÃO
2013401,201,FABRICAÇÃO DE PRODUTOS QUÍMICOS INORGÂNICOS,20,C,INDÚSTRIAS DE TRANSFORMAÇÃO
2012600,201,FABRICAÇÃO DE PRODUTOS QUÍMICOS INORGÂNICOS,20,C,INDÚSTRIAS DE TRANSFORMAÇÃO
2013402,201,FABRICAÇÃO DE PRODUTOS QUÍMICOS INORGÂNICOS,20,C,INDÚSTRIAS DE TRANSFORMAÇÃO
2019301,201,FABRICAÇÃO DE PRODUTOS QUÍMICOS INORGÂNICOS,20,C,INDÚSTRIAS DE TRANSFORMAÇÃO
2122000,212,FABRICAÇÃO DE PRODUTOS FARMACÊUTICOS,21,C,INDÚSTRIAS DE TRANSFORMAÇÃO
2019399,201,FABRICAÇÃO DE PRODUTOS QUÍMICOS INORGÂNICOS,20,C,INDÚSTRIAS DE TRANSFORMAÇÃO
2021500,202,FABRICAÇÃO DE PRODUTOS QUÍMICOS ORGÂNICOS,20,C,INDÚSTRIAS DE TRANSFORMAÇÃO
2022300,202,FABRICAÇÃO DE PRODUTOS QUÍMICOS ORGÂNICOS,20,C,INDÚSTRIAS DE TRANSFORMAÇÃO
2029100,202,FABRICAÇÃO DE PRODUTOS QUÍMICOS ORGÂNICOS,20,C,INDÚSTRIAS DE TRANSFORMAÇÃO
2031200,203,FABRICAÇÃO DE RESINAS E ELASTÔMEROS,20,C,INDÚSTRIAS DE TRANSFORMAÇÃO
2032100,203,FABRICAÇÃO DE RESINAS E ELASTÔMEROS,20,C,INDÚSTRIAS DE TRANSFORMAÇÃO
2033900,203,FABRICAÇÃO DE RESINAS E ELASTÔMEROS,20,C,INDÚSTRIAS DE TRANSFORMAÇÃO
4643502,464,COMÉRCIO ATACADISTA DE PRODUTOS DE CONSUMO NÃO-ALIMENTAR,46,G,COMÉRCIO; REPARAÇÃO DE VEÍCULOS AUTOMOTORES E MOTOCICLETAS
2040100,204,FABRICAÇÃO DE FIBRAS ARTIFICIAIS E SINTÉTICAS,20,C,INDÚSTRIAS DE TRANSFORMAÇÃO
2051700,205,FABRICAÇÃO DE DEFENSIVOS AGRÍCOLAS E DESINFESTANTES DOMISSANITÁRIOS,20,C,INDÚSTRIAS DE TRANSFORMAÇÃO
2052500,205,FABRICAÇÃO DE DEFENSIVOS AGRÍCOLAS E DESINFESTANTES DOMISSANITÁRIOS,20,C,INDÚSTRIAS DE TRANSFORMAÇÃO
2061400,206,"FABRICAÇÃO DE SABÕES, DETERGENTES, PRODUTOS DE LIMPEZA, COSMÉTICOS, PRODUTOS DE PERFUMARIA E DE HIGIENE PESSOAL",20,C,INDÚSTRIAS DE TRANSFORMAÇÃO
2063100,206,"FABRICAÇÃO DE SABÕES, DETERGENTES, PRODUTOS DE LIMPEZA, COSMÉTICOS, PRODUTOS DE PERFUMARIA E DE HIGIENE PESSOAL",20,C,INDÚSTRIAS DE TRANSFORMAÇÃO
2071100,207,"FABRICAÇÃO DE TINTAS, VERNIZES, ESMALTES, LACAS E PRODUTOS AFINS",20,C,INDÚSTRIAS DE TRANSFORMAÇÃO
2072000,207,"FABRICAÇÃO DE TINTAS, VERNIZES, ESMALTES, LACAS E PRODUTOS AFINS",20,C,INDÚSTRIAS DE TRANSFORMAÇÃO
2092401,209,FABRICAÇÃO DE PRODUTOS E PREPARADOS QUÍMICOS DIVERSOS,20,C,INDÚSTRIAS DE TRANSFORMAÇÃO
2092402,209,FABRICAÇÃO DE PRODUTOS E PREPARADOS QUÍMICOS DIVERSOS,20,C,INDÚSTRIAS DE TRANSFORMAÇÃO
2092403,209,FABRICAÇÃO DE PRODUTOS E PREPARADOS QUÍMICOS DIVERSOS,20,C,INDÚSTRIAS DE TRANSFORMAÇÃO
2093200,209,FABRICAÇÃO DE PRODUTOS E PREPARADOS QUÍMICOS DIVERSOS,20,C,INDÚSTRIAS DE TRANSFORMAÇÃO
2094100,209,FABRICAÇÃO DE PRODUTOS E PREPARADOS QUÍMICOS DIVERSOS,20,C,INDÚSTRIAS DE TRANSFORMAÇÃO
2099101,209,FABRICAÇÃO DE PRODUTOS E PREPARADOS QUÍMICOS DIVERSOS,20,C,INDÚSTRIAS DE TRANSFORMAÇÃO
2099199,209,FABRICAÇÃO DE PRODUTOS E PREPARADOS QUÍMICOS DIVERSOS,20,C,INDÚSTRIAS DE TRANSFORMAÇÃO
2091600,209,FABRICAÇÃO DE PRODUTOS E PREPARADOS QUÍMICOS DIVERSOS,20,C,INDÚSTRIAS DE TRANSFORMAÇÃO
2110600,211,FABRICAÇÃO DE PRODUTOS FARMOQUÍMICOS,21,C,INDÚSTRIAS DE TRANSFORMAÇÃO
2121101,212,FABRICAÇÃO DE PRODUTOS FARMACÊUTICOS,21,C,INDÚSTRIAS DE TRANSFORMAÇÃO
2121102,212,FABRICAÇÃO DE PRODUTOS FARMACÊUTICOS,21,C,INDÚSTRIAS DE TRANSFORMAÇÃO
2121103,212,FABRICAÇÃO DE PRODUTOS FARMACÊUTICOS,21,C,INDÚSTRIAS DE TRANSFORMAÇÃO
2342701,234,FABRICAÇÃO DE PRODUTOS CERÂMICOS,23,C,INDÚSTRIAS DE TRANSFORMAÇÃO
2211100,221,FABRICAÇÃO DE PRODUTOS DE BORRACHA,22,C,INDÚSTRIAS DE TRANSFORMAÇÃO
2212900,221,FABRICAÇÃO DE PRODUTOS DE BORRACHA,22,C,INDÚSTRIAS DE TRANSFORMAÇÃO
2391501,239,APARELHAMENTO DE PEDRAS E FABRICAÇÃO DE OUTROS PRODUTOS DE MINERAIS NÃO-METÁLICOS,23,C,INDÚSTRIAS DE TRANSFORMAÇÃO
2219600,221,FABRICAÇÃO DE PRODUTOS DE BORRACHA,22,C,INDÚSTRIAS DE TRANSFORMAÇÃO
2442300,244,METALURGIA DOS METAIS NÃO-FERROSOS,24,C,INDÚSTRIAS DE TRANSFORMAÇÃO
3299004,329,FABRICAÇÃO DE PRODUTOS DIVERSOS,32,C,INDÚSTRIAS DE TRANSFORMAÇÃO
2221800,222,FABRICAÇÃO DE PRODUTOS DE MATERIAL PLÁSTICO,22,C,INDÚSTRIAS DE TRANSFORMAÇÃO
2222600,222,FABRICAÇÃO DE PRODUTOS DE MATERIAL PLÁSTICO,22,C,INDÚSTRIAS DE TRANSFORMAÇÃO
2223400,222,FABRICAÇÃO DE PRODUTOS DE MATERIAL PLÁSTICO,22,C,INDÚSTRIAS DE TRANSFORMAÇÃO
2229301,222,FABRICAÇÃO DE PRODUTOS DE MATERIAL PLÁSTICO,22,C,INDÚSTRIAS DE TRANSFORMAÇÃO
2229302,222,FABRICAÇÃO DE PRODUTOS DE MATERIAL PLÁSTICO,22,C,INDÚSTRIAS DE TRANSFORMAÇÃO
2229303,222,FABRICAÇÃO DE PRODUTOS DE MATERIAL PLÁSTICO,22,C,INDÚSTRIAS DE TRANSFORMAÇÃO
3600602,360,"CAPTAÇÃO, TRATAMENTO E DISTRIBUIÇÃO DE ÁGUA",36,E,"ÁGUA, ESGOTO, ATIVIDADES DE GESTÃO DE RESÍDUOS E DESCONTAMINAÇÃO"
2229399,222,FABRICAÇÃO DE PRODUTOS DE MATERIAL PLÁSTICO,22,C,INDÚSTRIAS DE TRANSFORMAÇÃO
2311700,231,FABRICAÇÃO DE VIDRO E DE PRODUTOS DO VIDRO,23,C,INDÚSTRIAS DE TRANSFORMAÇÃO
2312500,231,FABRICAÇÃO DE VIDRO E DE PRODUTOS DO VIDRO,23,C,INDÚSTRIAS DE TRANSFORMAÇÃO
2424502,242,SIDERURGIA,24,C,INDÚSTRIAS DE TRANSFORMAÇÃO
2319200,231,FABRICAÇÃO DE VIDRO E DE PRODUTOS DO VIDRO,23,C,INDÚSTRIAS DE TRANSFORMAÇÃO
2320600,232,FABRICAÇÃO DE CIMENTO,23,C,INDÚSTRIAS DE TRANSFORMAÇÃO
2330301,233,"FABRICAÇÃO DE ARTEFATOS DE CONCRETO, CIMENTO, FIBROCIMENTO, GESSO E MATERIAIS SEMELHANTES",23,C,INDÚSTRIAS DE TRANSFORMAÇÃO
2449101,244,METALURGIA DOS METAIS NÃO-FERROSOS,24,C,INDÚSTRIAS DE TRANSFORMAÇÃO
2330302,233,"FABRICAÇÃO DE ARTEFATOS DE CONCRETO, CIMENTO, FIBROCIMENTO, GESSO E MATERIAIS SEMELHANTES",23,C,INDÚSTRIAS DE TRANSFORMAÇÃO
2330303,233,"FABRICAÇÃO DE ARTEFATOS DE CONCRETO, CIMENTO, FIBROCIMENTO, GESSO E MATERIAIS SEMELHANTES",23,C,INDÚSTRIAS DE TRANSFORMAÇÃO
2330304,233,"FABRICAÇÃO DE ARTEFATOS DE CONCRETO, CIMENTO, FIBROCIMENTO, GESSO E MATERIAIS SEMELHANTES",23,C,INDÚSTRIAS DE TRANSFORMAÇÃO
2330305,233,"FABRICAÇÃO DE ARTEFATOS DE CONCRETO, CIMENTO, FIBROCIMENTO, GESSO E MATERIAIS SEMELHANTES",23,C,INDÚSTRIAS DE TRANSFORMAÇÃO
2330399,233,"FABRICAÇÃO DE ARTEFATOS DE CONCRETO, CIMENTO, FIBROCIMENTO, GESSO E MATERIAIS SEMELHANTES",23,C,INDÚSTRIAS DE TRANSFORMAÇÃO
2341900,234,FABRICAÇÃO DE PRODUTOS CERÂMICOS,23,C,INDÚSTRIAS DE TRANSFORMAÇÃO
2342702,234,FABRICAÇÃO DE PRODUTOS CERÂMICOS,23,C,INDÚSTRIAS DE TRANSFORMAÇÃO
2349401,234,FABRICAÇÃO DE PRODUTOS CERÂMICOS,23,C,INDÚSTRIAS DE TRANSFORMAÇÃO
2349499,234,FABRICAÇÃO DE PRODUTOS CERÂMICOS,23,C,INDÚSTRIAS DE TRANSFORMAÇÃO
3314706,331,MANUTENÇÃO E REPARAÇÃO DE MÁQUINAS E EQUIPAMENTOS,33,C,INDÚSTRIAS DE TRANSFORMAÇÃO
2392300,239,APARELHAMENTO DE PEDRAS E FABRICAÇÃO DE OUTROS PRODUTOS DE MINERAIS NÃO-METÁLICOS,23,C,INDÚSTRIAS DE TRANSFORMAÇÃO
2399101,239,APARELHAMENTO DE PEDRAS E FABRICAÇÃO DE OUTROS PRODUTOS DE MINERAIS NÃO-METÁLICOS,23,C,INDÚSTRIAS DE TRANSFORMAÇÃO
2399102,239,APARELHAMENTO DE PEDRAS E FABRICAÇÃO DE OUTROS PRODUTOS DE MINERAIS NÃO-METÁLICOS,23,C,INDÚSTRIAS DE TRANSFORMAÇÃO
2443100,244,METALURGIA DOS METAIS NÃO-FERROSOS,24,C,INDÚSTRIAS DE TRANSFORMAÇÃO
2599301,259,FABRICAÇÃO DE PRODUTOS DE METAL NÃO ESPECIFICADOS ANTERIORMENTE,25,C,INDÚSTRIAS DE TRANSFORMAÇÃO
2399199,239,APARELHAMENTO DE PEDRAS E FABRICAÇÃO DE OUTROS PRODUTOS DE MINERAIS NÃO-METÁLICOS,23,C,INDÚSTRIAS DE TRANSFORMAÇÃO
2411300,241,PRODUÇÃO DE FERRO-GUSA E DE FERROLIGAS,24,C,INDÚSTRIAS DE TRANSFORMAÇÃO
2412100,241,PRODUÇÃO DE FERRO-GUSA E DE FERROLIGAS,24,C,INDÚSTRIAS DE TRANSFORMAÇÃO
2422901,242,SIDERURGIA,24,C,INDÚSTRIAS DE TRANSFORMAÇÃO
2422902,242,SIDERURGIA,24,C,INDÚSTRIAS DE TRANSFORMAÇÃO
9603303,960,OUTRAS ATIVIDADES DE SERVIÇOS PESSOAIS,96,S,OUTRAS ATIVIDADES DE SERVIÇOS
2423701,242,SIDERURGIA,24,C,INDÚSTRIAS DE TRANSFORMAÇÃO
2423702,242,SIDERURGIA,24,C,INDÚSTRIAS DE TRANSFORMAÇÃO
2424501,242,SIDERURGIA,24,C,INDÚSTRIAS DE TRANSFORMAÇÃO
2431800,243,"PRODUÇÃO DE TUBOS DE AÇO, EXCETO TUBOS SEM COSTURA",24,C,INDÚSTRIAS DE TRANSFORMAÇÃO
2439300,243,"PRODUÇÃO DE TUBOS DE AÇO, EXCETO TUBOS SEM COSTURA",24,C,INDÚSTRIAS DE TRANSFORMAÇÃO
2441501,244,METALURGIA DOS METAIS NÃO-FERROSOS,24,C,INDÚSTRIAS DE TRANSFORMAÇÃO
2441502,244,METALURGIA DOS METAIS NÃO-FERROSOS,24,C,INDÚSTRIAS DE TRANSFORMAÇÃO
2449102,244,METALURGIA DOS METAIS NÃO-FERROSOS,24,C,INDÚSTRIAS DE TRANSFORMAÇÃO
2449103,244,METALURGIA DOS METAIS NÃO-FERROSOS,24,C,INDÚSTRIAS DE TRANSFORMAÇÃO
2449199,244,METALURGIA DOS METAIS NÃO-FERROSOS,24,C,INDÚSTRIAS DE TRANSFORMAÇÃO
2451200,245,FUNDIÇÃO,24,C,INDÚSTRIAS DE TRANSFORMAÇÃO
2452100,245,FUNDIÇÃO,24,C,INDÚSTRIAS DE TRANSFORMAÇÃO
2511000,251,FABRICAÇÃO DE ESTRUTURAS METÁLICAS E OBRAS DE CALDEIRARIA PESADA,25,C,INDÚSTRIAS DE TRANSFORMAÇÃO
2512800,251,FABRICAÇÃO DE ESTRUTURAS METÁLICAS E OBRAS DE CALDEIRARIA PESADA,25,C,INDÚSTRIAS DE TRANSFORMAÇÃO
2542000,254,"FABRICAÇÃO DE ARTIGOS DE CUTELARIA, DE SERRALHERIA E FERRAMENTAS",25,C,INDÚSTRIAS DE TRANSFORMAÇÃO
4679699,467,"COMÉRCIO ATACADISTA DE MADEIRA, FERRAGENS, FERRAMENTAS, MATERIAL ELÉTRICO E MATERIAL DE CONSTRUÇÃO",46,G,COMÉRCIO; REPARAÇÃO DE VEÍCULOS AUTOMOTORES E MOTOCICLETAS
2513600,251,FABRICAÇÃO DE ESTRUTURAS METÁLICAS E OBRAS DE CALDEIRARIA PESADA,25,C,INDÚSTRIAS DE TRANSFORMAÇÃO
2550101,255,"FABRICAÇÃO DE EQUIPAMENTO BÉLICO PESADO, ARMAS E MUNIÇÕES",25,C,INDÚSTRIAS DE TRANSFORMAÇÃO
2521700,252,"FABRICAÇÃO DE TANQUES, RESERVATÓRIOS METÁLICOS E CALDEIRAS",25,C,INDÚSTRIAS DE TRANSFORMAÇÃO
2522500,252,"FABRICAÇÃO DE TANQUES, RESERVATÓRIOS METÁLICOS E CALDEIRAS",25,C,INDÚSTRIAS DE TRANSFORMAÇÃO
2531401,253,"FORJARIA, ESTAMPARIA, METALURGIA DO PÓ E SERVIÇOS DE TRATAMENTO DE METAIS",25,C,INDÚSTRIAS DE TRANSFORMAÇÃO
2531402,253,"FORJARIA, ESTAMPARIA, METALURGIA DO PÓ E SERVIÇOS DE TRATAMENTO DE METAIS",25,C,INDÚSTRIAS DE TRANSFORMAÇÃO
2599302,259,FABRICAÇÃO DE PRODUTOS DE METAL NÃO ESPECIFICADOS ANTERIORMENTE,25,C,INDÚSTRIAS DE TRANSFORMAÇÃO
2532201,253,"FORJARIA, ESTAMPARIA, METALURGIA DO PÓ E SERVIÇOS DE TRATAMENTO DE METAIS",25,C,INDÚSTRIAS DE TRANSFORMAÇÃO
2532202,253,"FORJARIA, ESTAMPARIA, METALURGIA DO PÓ E SERVIÇOS DE TRATAMENTO DE METAIS",25,C,INDÚSTRIAS DE TRANSFORMAÇÃO
2539001,253,"FORJARIA, ESTAMPARIA, METALURGIA DO PÓ E SERVIÇOS DE TRATAMENTO DE METAIS",25,C,INDÚSTRIAS DE TRANSFORMAÇÃO
2539002,253,"FORJARIA, ESTAMPARIA, METALURGIA DO PÓ E SERVIÇOS DE TRATAMENTO DE METAIS",25,C,INDÚSTRIAS DE TRANSFORMAÇÃO
2541100,254,"FABRICAÇÃO DE ARTIGOS DE CUTELARIA, DE SERRALHERIA E FERRAMENTAS",25,C,INDÚSTRIAS DE TRANSFORMAÇÃO
2543800,254,"FABRICAÇÃO DE ARTIGOS DE CUTELARIA, DE SERRALHERIA E FERRAMENTAS",25,C,INDÚSTRIAS DE TRANSFORMAÇÃO
2550102,255,"FABRICAÇÃO DE EQUIPAMENTO BÉLICO PESADO, ARMAS E MUNIÇÕES",25,C,INDÚSTRIAS DE TRANSFORMAÇÃO
2591800,259,FABRICAÇÃO DE PRODUTOS DE METAL NÃO ESPECIFICADOS ANTERIORMENTE,25,C,INDÚSTRIAS DE TRANSFORMAÇÃO
2592601,259,FABRICAÇÃO DE PRODUTOS DE METAL NÃO ESPECIFICADOS ANTERIORMENTE,25,C,INDÚSTRIAS DE TRANSFORMAÇÃO
2592602,259,FABRICAÇÃO DE PRODUTOS DE METAL NÃO ESPECIFICADOS ANTERIORMENTE,25,C,INDÚSTRIAS DE TRANSFORMAÇÃO
2593400,259,FABRICAÇÃO DE PRODUTOS DE METAL NÃO ESPECIFICADOS ANTERIORMENTE,25,C,INDÚSTRIAS DE TRANSFORMAÇÃO
2599399,259,FABRICAÇÃO DE PRODUTOS DE METAL NÃO ESPECIFICADOS ANTERIORMENTE,25,C,INDÚSTRIAS DE TRANSFORMAÇÃO
2610800,261,FABRICAÇÃO DE COMPONENTES ELETRÔNICOS,26,C,INDÚSTRIAS DE TRANSFORMAÇÃO
2621300,262,FABRICAÇÃO DE EQUIPAMENTOS DE INFORMÁTICA E PERIFÉRICOS,26,C,INDÚSTRIAS DE TRANSFORMAÇÃO
2670102,267,"FABRICAÇÃO DE EQUIPAMENTOS E INSTRUMENTOS ÓPTICOS, FOTOGRÁFICOS E CINEMATOGRÁFICOS",26,C,INDÚSTRIAS DE TRANSFORMAÇÃO
2622100,262,FABRICAÇÃO DE EQUIPAMENTOS DE INFORMÁTICA E PERIFÉRICOS,26,C,INDÚSTRIAS DE TRANSFORMAÇÃO
2722802,272,"FABRICAÇÃO DE PILHAS, BATERIAS E ACUMULADORES ELÉTRICOS",27,C,INDÚSTRIAS DE TRANSFORMAÇÃO
3250704,325,FABRICAÇÃO DE INSTRUMENTOS E MATERIAIS PARA USO MÉDICO E ODONTOLÓGICO E DE ARTIGOS ÓPTICOS,32,C,INDÚSTRIAS DE TRANSFORMAÇÃO
2631100,263,FABRICAÇÃO DE EQUIPAMENTOS DE COMUNICAÇÃO,26,C,INDÚSTRIAS DE TRANSFORMAÇÃO
2632900,263,FABRICAÇÃO DE EQUIPAMENTOS DE COMUNICAÇÃO,26,C,INDÚSTRIAS DE TRANSFORMAÇÃO
2680900,268,"FABRICAÇÃO DE MÍDIAS VIRGENS, MAGNÉTICAS E ÓPTICAS",26,C,INDÚSTRIAS DE TRANSFORMAÇÃO
3299005,329,FABRICAÇÃO DE PRODUTOS DIVERSOS,32,C,INDÚSTRIAS DE TRANSFORMAÇÃO
2640000,264,"FABRICAÇÃO DE APARELHOS DE RECEPÇÃO, REPRODUÇÃO, GRAVAÇÃO E AMPLIFICAÇÃO DE ÁUDIO E VÍDEO",26,C,INDÚSTRIAS DE TRANSFORMAÇÃO
2710401,271,"FABRICAÇÃO DE GERADORES, TRANSFORMADORES E MOTORES ELÉTRICOS",27,C,INDÚSTRIAS DE TRANSFORMAÇÃO
2815101,281,"FABRICAÇÃO DE MOTORES, BOMBAS, COMPRESSORES E EQUIPAMENTOS DE TRANSMISSÃO",28,C,INDÚSTRIAS DE TRANSFORMAÇÃO
2651500,265,"FABRICAÇÃO DE APARELHOS E INSTRUMENTOS DE MEDIDA, TESTE E CONTROLE; CRONÔMETROS E RELÓGIOS",26,C,INDÚSTRIAS DE TRANSFORMAÇÃO
2652300,265,"FABRICAÇÃO DE APARELHOS E INSTRUMENTOS DE MEDIDA, TESTE E CONTROLE; CRONÔMETROS E RELÓGIOS",26,C,INDÚSTRIAS DE TRANSFORMAÇÃO
2731700,273,FABRICAÇÃO DE EQUIPAMENTOS PARA DISTRIBUIÇÃO E CONTROLE DE ENERGIA ELÉTRICA,27,C,INDÚSTRIAS DE TRANSFORMAÇÃO
3314703,331,MANUTENÇÃO E REPARAÇÃO DE MÁQUINAS E EQUIPAMENTOS,33,C,INDÚSTRIAS DE TRANSFORMAÇÃO
2660400,266,FABRICAÇÃO DE APARELHOS ELETROMÉDICOS E ELETROTERAPÊUTICOS E EQUIPAMENTOS DE IRRADIAÇÃO,26,C,INDÚSTRIAS DE TRANSFORMAÇÃO
2670101,267,"FABRICAÇÃO DE EQUIPAMENTOS E INSTRUMENTOS ÓPTICOS, FOTOGRÁFICOS E CINEMATOGRÁFICOS",26,C,INDÚSTRIAS DE TRANSFORMAÇÃO
2814301,281,"FABRICAÇÃO DE MOTORES, BOMBAS, COMPRESSORES E EQUIPAMENTOS DE TRANSMISSÃO",28,C,INDÚSTRIAS DE TRANSFORMAÇÃO
2710402,271,"FABRICAÇÃO DE GERADORES, TRANSFORMADORES E MOTORES ELÉTRICOS",27,C,INDÚSTRIAS DE TRANSFORMAÇÃO
2710403,271,"FABRICAÇÃO DE GERADORES, TRANSFORMADORES E MOTORES ELÉTRICOS",27,C,INDÚSTRIAS DE TRANSFORMAÇÃO
2721000,272,"FABRICAÇÃO DE PILHAS, BATERIAS E ACUMULADORES ELÉTRICOS",27,C,INDÚSTRIAS DE TRANSFORMAÇÃO
2722801,272,"FABRICAÇÃO DE PILHAS, BATERIAS E ACUMULADORES ELÉTRICOS",27,C,INDÚSTRIAS DE TRANSFORMAÇÃO
2732500,273,FABRICAÇÃO DE EQUIPAMENTOS PARA DISTRIBUIÇÃO E CONTROLE DE ENERGIA ELÉTRICA,27,C,INDÚSTRIAS DE TRANSFORMAÇÃO
2733300,273,FABRICAÇÃO DE EQUIPAMENTOS PARA DISTRIBUIÇÃO E CONTROLE DE ENERGIA ELÉTRICA,27,C,INDÚSTRIAS DE TRANSFORMAÇÃO
2740601,274,FABRICAÇÃO DE LÂMPADAS E OUTROS EQUIPAMENTOS DE ILUMINAÇÃO,27,C,INDÚSTRIAS DE TRANSFORMAÇÃO
2740602,274,FABRICAÇÃO DE LÂMPADAS E OUTROS EQUIPAMENTOS DE ILUMINAÇÃO,27,C,INDÚSTRIAS DE TRANSFORMAÇÃO
3299006,329,FABRICAÇÃO DE PRODUTOS DIVERSOS,32,C,INDÚSTRIAS DE TRANSFORMAÇÃO
2751100,275,FABRICAÇÃO DE ELETRODOMÉSTICOS,27,C,INDÚSTRIAS DE TRANSFORMAÇÃO
2759701,275,FABRICAÇÃO DE ELETRODOMÉSTICOS,27,C,INDÚSTRIAS DE TRANSFORMAÇÃO
2814302,281,"FABRICAÇÃO DE MOTORES, BOMBAS, COMPRESSORES E EQUIPAMENTOS DE TRANSMISSÃO",28,C,INDÚSTRIAS DE TRANSFORMAÇÃO
2759799,275,FABRICAÇÃO DE ELETRODOMÉSTICOS,27,C,INDÚSTRIAS DE TRANSFORMAÇÃO
2790201,279,FABRICAÇÃO DE EQUIPAMENTOS E APARELHOS ELÉTRICOS NÃO ESPECIFICADOS ANTERIORMENTE,27,C,INDÚSTRIAS DE TRANSFORMAÇÃO
2790202,279,FABRICAÇÃO DE EQUIPAMENTOS E APARELHOS ELÉTRICOS NÃO ESPECIFICADOS ANTERIORMENTE,27,C,INDÚSTRIAS DE TRANSFORMAÇÃO
2790299,279,FABRICAÇÃO DE EQUIPAMENTOS E APARELHOS ELÉTRICOS NÃO ESPECIFICADOS ANTERIORMENTE,27,C,INDÚSTRIAS DE TRANSFORMAÇÃO
2811900,281,"FABRICAÇÃO DE MOTORES, BOMBAS, COMPRESSORES E EQUIPAMENTOS DE TRANSMISSÃO",28,C,INDÚSTRIAS DE TRANSFORMAÇÃO
2812700,281,"FABRICAÇÃO DE MOTORES, BOMBAS, COMPRESSORES E EQUIPAMENTOS DE TRANSMISSÃO",28,C,INDÚSTRIAS DE TRANSFORMAÇÃO
2832100,283,FABRICAÇÃO DE TRATORES E DE MÁQUINAS E EQUIPAMENTOS PARA A AGRICULTURA E PECUÁRIA,28,C,INDÚSTRIAS DE TRANSFORMAÇÃO
2813500,281,"FABRICAÇÃO DE MOTORES, BOMBAS, COMPRESSORES E EQUIPAMENTOS DE TRANSMISSÃO",28,C,INDÚSTRIAS DE TRANSFORMAÇÃO
2815102,281,"FABRICAÇÃO DE MOTORES, BOMBAS, COMPRESSORES E EQUIPAMENTOS DE TRANSMISSÃO",28,C,INDÚSTRIAS DE TRANSFORMAÇÃO
2824102,282,FABRICAÇÃO DE MÁQUINAS E EQUIPAMENTOS DE USO GERAL,28,C,INDÚSTRIAS DE TRANSFORMAÇÃO
3102100,310,FABRICAÇÃO DE MÓVEIS,31,C,INDÚSTRIAS DE TRANSFORMAÇÃO
2821601,282,FABRICAÇÃO DE MÁQUINAS E EQUIPAMENTOS DE USO GERAL,28,C,INDÚSTRIAS DE TRANSFORMAÇÃO
2821602,282,FABRICAÇÃO DE MÁQUINAS E EQUIPAMENTOS DE USO GERAL,28,C,INDÚSTRIAS DE TRANSFORMAÇÃO
2822401,282,FABRICAÇÃO DE MÁQUINAS E EQUIPAMENTOS DE USO GERAL,28,C,INDÚSTRIAS DE TRANSFORMAÇÃO
2941700,294,FABRICAÇÃO DE PEÇAS E ACESSÓRIOS PARA VEÍCULOS AUTOMOTORES,29,C,INDÚSTRIAS DE TRANSFORMAÇÃO
2942500,294,FABRICAÇÃO DE PEÇAS E ACESSÓRIOS PARA VEÍCULOS AUTOMOTORES,29,C,INDÚSTRIAS DE TRANSFORMAÇÃO
2822402,282,FABRICAÇÃO DE MÁQUINAS E EQUIPAMENTOS DE USO GERAL,28,C,INDÚSTRIAS DE TRANSFORMAÇÃO
3317102,331,MANUTENÇÃO E REPARAÇÃO DE MÁQUINAS E EQUIPAMENTOS,33,C,INDÚSTRIAS DE TRANSFORMAÇÃO
4732600,473,COMÉRCIO VAREJISTA DE COMBUSTÍVEIS PARA VEÍCULOS AUTOMOTORES,47,G,COMÉRCIO; REPARAÇÃO DE VEÍCULOS AUTOMOTORES E MOTOCICLETAS
2823200,282,FABRICAÇÃO DE MÁQUINAS E EQUIPAMENTOS DE USO GERAL,28,C,INDÚSTRIAS DE TRANSFORMAÇÃO
2824101,282,FABRICAÇÃO DE MÁQUINAS E EQUIPAMENTOS DE USO GERAL,28,C,INDÚSTRIAS DE TRANSFORMAÇÃO
2950600,295,RECONDICIONAMENTO E RECUPERAÇÃO DE MOTORES PARA VEÍCULOS AUTOMOTORES,29,C,INDÚSTRIAS DE TRANSFORMAÇÃO
2825900,282,FABRICAÇÃO DE MÁQUINAS E EQUIPAMENTOS DE USO GERAL,28,C,INDÚSTRIAS DE TRANSFORMAÇÃO
2829101,282,FABRICAÇÃO DE MÁQUINAS E EQUIPAMENTOS DE USO GERAL,28,C,INDÚSTRIAS DE TRANSFORMAÇÃO
2829199,282,FABRICAÇÃO DE MÁQUINAS E EQUIPAMENTOS DE USO GERAL,28,C,INDÚSTRIAS DE TRANSFORMAÇÃO
2831300,283,FABRICAÇÃO DE TRATORES E DE MÁQUINAS E EQUIPAMENTOS PARA A AGRICULTURA E PECUÁRIA,28,C,INDÚSTRIAS DE TRANSFORMAÇÃO
2943300,294,FABRICAÇÃO DE PEÇAS E ACESSÓRIOS PARA VEÍCULOS AUTOMOTORES,29,C,INDÚSTRIAS DE TRANSFORMAÇÃO
2854200,285,FABRICAÇÃO DE MÁQUINAS E EQUIPAMENTOS DE USO NA EXTRAÇÃO MINERAL E NA CONSTRUÇÃO,28,C,INDÚSTRIAS DE TRANSFORMAÇÃO
4724500,472,"COMÉRCIO VAREJISTA DE PRODUTOS ALIMENTÍCIOS, BEBIDAS E FUMO",47,G,COMÉRCIO; REPARAÇÃO DE VEÍCULOS AUTOMOTORES E MOTOCICLETAS
2833000,283,FABRICAÇÃO DE TRATORES E DE MÁQUINAS E EQUIPAMENTOS PARA A AGRICULTURA E PECUÁRIA,28,C,INDÚSTRIAS DE TRANSFORMAÇÃO
2840200,284,FABRICAÇÃO DE MÁQUINAS-FERRAMENTA,28,C,INDÚSTRIAS DE TRANSFORMAÇÃO
3250702,325,FABRICAÇÃO DE INSTRUMENTOS E MATERIAIS PARA USO MÉDICO E ODONTOLÓGICO E DE ARTIGOS ÓPTICOS,32,C,INDÚSTRIAS DE TRANSFORMAÇÃO
2851800,285,FABRICAÇÃO DE MÁQUINAS E EQUIPAMENTOS DE USO NA EXTRAÇÃO MINERAL E NA CONSTRUÇÃO,28,C,INDÚSTRIAS DE TRANSFORMAÇÃO
2852600,285,FABRICAÇÃO DE MÁQUINAS E EQUIPAMENTOS DE USO NA EXTRAÇÃO MINERAL E NA CONSTRUÇÃO,28,C,INDÚSTRIAS DE TRANSFORMAÇÃO
2853400,285,FABRICAÇÃO DE MÁQUINAS E EQUIPAMENTOS DE USO NA EXTRAÇÃO MINERAL E NA CONSTRUÇÃO,28,C,INDÚSTRIAS DE TRANSFORMAÇÃO
2944100,294,FABRICAÇÃO DE PEÇAS E ACESSÓRIOS PARA VEÍCULOS AUTOMOTORES,29,C,INDÚSTRIAS DE TRANSFORMAÇÃO
2861500,286,FABRICAÇÃO DE MÁQUINAS E EQUIPAMENTOS DE USO INDUSTRIAL ESPECÍFICO,28,C,INDÚSTRIAS DE TRANSFORMAÇÃO
3101200,310,FABRICAÇÃO DE MÓVEIS,31,C,INDÚSTRIAS DE TRANSFORMAÇÃO
3314704,331,MANUTENÇÃO E REPARAÇÃO DE MÁQUINAS E EQUIPAMENTOS,33,C,INDÚSTRIAS DE TRANSFORMAÇÃO
2862300,286,FABRICAÇÃO DE MÁQUINAS E EQUIPAMENTOS DE USO INDUSTRIAL ESPECÍFICO,28,C,INDÚSTRIAS DE TRANSFORMAÇÃO
2863100,286,FABRICAÇÃO DE MÁQUINAS E EQUIPAMENTOS DE USO INDUSTRIAL ESPECÍFICO,28,C,INDÚSTRIAS DE TRANSFORMAÇÃO
2864000,286,FABRICAÇÃO DE MÁQUINAS E EQUIPAMENTOS DE USO INDUSTRIAL ESPECÍFICO,28,C,INDÚSTRIAS DE TRANSFORMAÇÃO
3042300,304,FABRICAÇÃO DE AERONAVES,30,C,INDÚSTRIAS DE TRANSFORMAÇÃO
3314715,331,MANUTENÇÃO E REPARAÇÃO DE MÁQUINAS E EQUIPAMENTOS,33,C,INDÚSTRIAS DE TRANSFORMAÇÃO
2865800,286,FABRICAÇÃO DE MÁQUINAS E EQUIPAMENTOS DE USO INDUSTRIAL ESPECÍFICO,28,C,INDÚSTRIAS DE TRANSFORMAÇÃO
2866600,286,FABRICAÇÃO DE MÁQUINAS E EQUIPAMENTOS DE USO INDUSTRIAL ESPECÍFICO,28,C,INDÚSTRIAS DE TRANSFORMAÇÃO
3250703,325,FABRICAÇÃO DE INSTRUMENTOS E MATERIAIS PARA USO MÉDICO E ODONTOLÓGICO E DE ARTIGOS ÓPTICOS,32,C,INDÚSTRIAS DE TRANSFORMAÇÃO
2869100,286,FABRICAÇÃO DE MÁQUINAS E EQUIPAMENTOS DE USO INDUSTRIAL ESPECÍFICO,28,C,INDÚSTRIAS DE TRANSFORMAÇÃO
2910701,291,"FABRICAÇÃO DE AUTOMÓVEIS, CAMIONETAS E UTILITÁRIOS",29,C,INDÚSTRIAS DE TRANSFORMAÇÃO
2910702,291,"FABRICAÇÃO DE AUTOMÓVEIS, CAMIONETAS E UTILITÁRIOS",29,C,INDÚSTRIAS DE TRANSFORMAÇÃO
2910703,291,"FABRICAÇÃO DE AUTOMÓVEIS, CAMIONETAS E UTILITÁRIOS",29,C,INDÚSTRIAS DE TRANSFORMAÇÃO
2920401,292,FABRICAÇÃO DE CAMINHÕES E ÔNIBUS,29,C,INDÚSTRIAS DE TRANSFORMAÇÃO
2920402,292,FABRICAÇÃO DE CAMINHÕES E ÔNIBUS,29,C,INDÚSTRIAS DE TRANSFORMAÇÃO
2930101,293,"FABRICAÇÃO DE CABINES, CARROCERIAS E REBOQUES PARA VEÍCULOS AUTOMOTORES",29,C,INDÚSTRIAS DE TRANSFORMAÇÃO
2930102,293,"FABRICAÇÃO DE CABINES, CARROCERIAS E REBOQUES PARA VEÍCULOS AUTOMOTORES",29,C,INDÚSTRIAS DE TRANSFORMAÇÃO
2930103,293,"FABRICAÇÃO DE CABINES, CARROCERIAS E REBOQUES PARA VEÍCULOS AUTOMOTORES",29,C,INDÚSTRIAS DE TRANSFORMAÇÃO
3299001,329,FABRICAÇÃO DE PRODUTOS DIVERSOS,32,C,INDÚSTRIAS DE TRANSFORMAÇÃO
2945000,294,FABRICAÇÃO DE PEÇAS E ACESSÓRIOS PARA VEÍCULOS AUTOMOTORES,29,C,INDÚSTRIAS DE TRANSFORMAÇÃO
2949201,294,FABRICAÇÃO DE PEÇAS E ACESSÓRIOS PARA VEÍCULOS AUTOMOTORES,29,C,INDÚSTRIAS DE TRANSFORMAÇÃO
2949299,294,FABRICAÇÃO DE PEÇAS E ACESSÓRIOS PARA VEÍCULOS AUTOMOTORES,29,C,INDÚSTRIAS DE TRANSFORMAÇÃO
3011301,301,CONSTRUÇÃO DE EMBARCAÇÕES,30,C,INDÚSTRIAS DE TRANSFORMAÇÃO
3011302,301,CONSTRUÇÃO DE EMBARCAÇÕES,30,C,INDÚSTRIAS DE TRANSFORMAÇÃO
3012100,301,CONSTRUÇÃO DE EMBARCAÇÕES,30,C,INDÚSTRIAS DE TRANSFORMAÇÃO
3031800,303,FABRICAÇÃO DE VEÍCULOS FERROVIÁRIOS,30,C,INDÚSTRIAS DE TRANSFORMAÇÃO
3032600,303,FABRICAÇÃO DE VEÍCULOS FERROVIÁRIOS,30,C,INDÚSTRIAS DE TRANSFORMAÇÃO
3314716,331,MANUTENÇÃO E REPARAÇÃO DE MÁQUINAS E EQUIPAMENTOS,33,C,INDÚSTRIAS DE TRANSFORMAÇÃO
4729601,472,"COMÉRCIO VAREJISTA DE PRODUTOS ALIMENTÍCIOS, BEBIDAS E FUMO",47,G,COMÉRCIO; REPARAÇÃO DE VEÍCULOS AUTOMOTORES E MOTOCICLETAS
3041500,304,FABRICAÇÃO DE AERONAVES,30,C,INDÚSTRIAS DE TRANSFORMAÇÃO
6622300,662,"ATIVIDADES AUXILIARES DOS SEGUROS, DA PREVIDÊNCIA COMPLEMENTAR E DOS PLANOS DE SAÚDE",66,K,"ATIVIDADES FINANCEIRAS, DE SEGUROS E SERVIÇOS RELACIONADOS"
3050400,305,FABRICAÇÃO DE VEÍCULOS MILITARES DE COMBATE,30,C,INDÚSTRIAS DE TRANSFORMAÇÃO
3091101,309,FABRICAÇÃO DE EQUIPAMENTOS DE TRANSPORTE NÃO ESPECIFICADOS ANTERIORMENTE,30,C,INDÚSTRIAS DE TRANSFORMAÇÃO
3091102,309,FABRICAÇÃO DE EQUIPAMENTOS DE TRANSPORTE NÃO ESPECIFICADOS ANTERIORMENTE,30,C,INDÚSTRIAS DE TRANSFORMAÇÃO
3092000,309,FABRICAÇÃO DE EQUIPAMENTOS DE TRANSPORTE NÃO ESPECIFICADOS ANTERIORMENTE,30,C,INDÚSTRIAS DE TRANSFORMAÇÃO
3099700,309,FABRICAÇÃO DE EQUIPAMENTOS DE TRANSPORTE NÃO ESPECIFICADOS ANTERIORMENTE,30,C,INDÚSTRIAS DE TRANSFORMAÇÃO
3103900,310,FABRICAÇÃO DE MÓVEIS,31,C,INDÚSTRIAS DE TRANSFORMAÇÃO
3211601,321,"FABRICAÇÃO DE ARTIGOS DE JOALHERIA, BIJUTERIA E SEMELHANTES",32,C,INDÚSTRIAS DE TRANSFORMAÇÃO
3211602,321,"FABRICAÇÃO DE ARTIGOS DE JOALHERIA, BIJUTERIA E SEMELHANTES",32,C,INDÚSTRIAS DE TRANSFORMAÇÃO
3211603,321,"FABRICAÇÃO DE ARTIGOS DE JOALHERIA, BIJUTERIA E SEMELHANTES",32,C,INDÚSTRIAS DE TRANSFORMAÇÃO
3212400,321,"FABRICAÇÃO DE ARTIGOS DE JOALHERIA, BIJUTERIA E SEMELHANTES",32,C,INDÚSTRIAS DE TRANSFORMAÇÃO
3220500,322,FABRICAÇÃO DE INSTRUMENTOS MUSICAIS,32,C,INDÚSTRIAS DE TRANSFORMAÇÃO
3299002,329,FABRICAÇÃO DE PRODUTOS DIVERSOS,32,C,INDÚSTRIAS DE TRANSFORMAÇÃO
3299003,329,FABRICAÇÃO DE PRODUTOS DIVERSOS,32,C,INDÚSTRIAS DE TRANSFORMAÇÃO
3530100,353,"PRODUÇÃO E DISTRIBUIÇÃO DE VAPOR, ÁGUA QUENTE E AR CONDICIONADO",35,D,ELETRICIDADE E GÁS
3230200,323,FABRICAÇÃO DE ARTEFATOS PARA PESCA E ESPORTE,32,C,INDÚSTRIAS DE TRANSFORMAÇÃO
3240001,324,FABRICAÇÃO DE BRINQUEDOS E JOGOS RECREATIVOS,32,C,INDÚSTRIAS DE TRANSFORMAÇÃO
3240002,324,FABRICAÇÃO DE BRINQUEDOS E JOGOS RECREATIVOS,32,C,INDÚSTRIAS DE TRANSFORMAÇÃO
3240003,324,FABRICAÇÃO DE BRINQUEDOS E JOGOS RECREATIVOS,32,C,INDÚSTRIAS DE TRANSFORMAÇÃO
3240099,324,FABRICAÇÃO DE BRINQUEDOS E JOGOS RECREATIVOS,32,C,INDÚSTRIAS DE TRANSFORMAÇÃO
3250701,325,FABRICAÇÃO DE INSTRUMENTOS E MATERIAIS PARA USO MÉDICO E ODONTOLÓGICO E DE ARTIGOS ÓPTICOS,32,C,INDÚSTRIAS DE TRANSFORMAÇÃO
3250705,325,FABRICAÇÃO DE INSTRUMENTOS E MATERIAIS PARA USO MÉDICO E ODONTOLÓGICO E DE ARTIGOS ÓPTICOS,32,C,INDÚSTRIAS DE TRANSFORMAÇÃO
3250706,325,FABRICAÇÃO DE INSTRUMENTOS E MATERIAIS PARA USO MÉDICO E ODONTOLÓGICO E DE ARTIGOS ÓPTICOS,32,C,INDÚSTRIAS DE TRANSFORMAÇÃO
3250707,325,FABRICAÇÃO DE INSTRUMENTOS E MATERIAIS PARA USO MÉDICO E ODONTOLÓGICO E DE ARTIGOS ÓPTICOS,32,C,INDÚSTRIAS DE TRANSFORMAÇÃO
3250709,325,FABRICAÇÃO DE INSTRUMENTOS E MATERIAIS PARA USO MÉDICO E ODONTOLÓGICO E DE ARTIGOS ÓPTICOS,32,C,INDÚSTRIAS DE TRANSFORMAÇÃO
3291400,329,FABRICAÇÃO DE PRODUTOS DIVERSOS,32,C,INDÚSTRIAS DE TRANSFORMAÇÃO
3292201,329,FABRICAÇÃO DE PRODUTOS DIVERSOS,32,C,INDÚSTRIAS DE TRANSFORMAÇÃO
3292202,329,FABRICAÇÃO DE PRODUTOS DIVERSOS,32,C,INDÚSTRIAS DE TRANSFORMAÇÃO
3299099,329,FABRICAÇÃO DE PRODUTOS DIVERSOS,32,C,INDÚSTRIAS DE TRANSFORMAÇÃO
3311200,331,MANUTENÇÃO E REPARAÇÃO DE MÁQUINAS E EQUIPAMENTOS,33,C,INDÚSTRIAS DE TRANSFORMAÇÃO
3312102,331,MANUTENÇÃO E REPARAÇÃO DE MÁQUINAS E EQUIPAMENTOS,33,C,INDÚSTRIAS DE TRANSFORMAÇÃO
3312103,331,MANUTENÇÃO E REPARAÇÃO DE MÁQUINAS E EQUIPAMENTOS,33,C,INDÚSTRIAS DE TRANSFORMAÇÃO
3312104,331,MANUTENÇÃO E REPARAÇÃO DE MÁQUINAS E EQUIPAMENTOS,33,C,INDÚSTRIAS DE TRANSFORMAÇÃO
3313901,331,MANUTENÇÃO E REPARAÇÃO DE MÁQUINAS E EQUIPAMENTOS,33,C,INDÚSTRIAS DE TRANSFORMAÇÃO
3313902,331,MANUTENÇÃO E REPARAÇÃO DE MÁQUINAS E EQUIPAMENTOS,33,C,INDÚSTRIAS DE TRANSFORMAÇÃO
3313999,331,MANUTENÇÃO E REPARAÇÃO DE MÁQUINAS E EQUIPAMENTOS,33,C,INDÚSTRIAS DE TRANSFORMAÇÃO
3314701,331,MANUTENÇÃO E REPARAÇÃO DE MÁQUINAS E EQUIPAMENTOS,33,C,INDÚSTRIAS DE TRANSFORMAÇÃO
3314702,331,MANUTENÇÃO E REPARAÇÃO DE MÁQUINAS E EQUIPAMENTOS,33,C,INDÚSTRIAS DE TRANSFORMAÇÃO
3314707,331,MANUTENÇÃO E REPARAÇÃO DE MÁQUINAS E EQUIPAMENTOS,33,C,INDÚSTRIAS DE TRANSFORMAÇÃO
3314708,331,MANUTENÇÃO E REPARAÇÃO DE MÁQUINAS E EQUIPAMENTOS,33,C,INDÚSTRIAS DE TRANSFORMAÇÃO
3314709,331,MANUTENÇÃO E REPARAÇÃO DE MÁQUINAS E EQUIPAMENTOS,33,C,INDÚSTRIAS DE TRANSFORMAÇÃO
3314710,331,MANUTENÇÃO E REPARAÇÃO DE MÁQUINAS E EQUIPAMENTOS,33,C,INDÚSTRIAS DE TRANSFORMAÇÃO
3314711,331,MANUTENÇÃO E REPARAÇÃO DE MÁQUINAS E EQUIPAMENTOS,33,C,INDÚSTRIAS DE TRANSFORMAÇÃO
3314712,331,MANUTENÇÃO E REPARAÇÃO DE MÁQUINAS E EQUIPAMENTOS,33,C,INDÚSTRIAS DE TRANSFORMAÇÃO
3314713,331,MANUTENÇÃO E REPARAÇÃO DE MÁQUINAS E EQUIPAMENTOS,33,C,INDÚSTRIAS DE TRANSFORMAÇÃO
3314714,331,MANUTENÇÃO E REPARAÇÃO DE MÁQUINAS E EQUIPAMENTOS,33,C,INDÚSTRIAS DE TRANSFORMAÇÃO
3314717,331,MANUTENÇÃO E REPARAÇÃO DE MÁQUINAS E EQUIPAMENTOS,33,C,INDÚSTRIAS DE TRANSFORMAÇÃO
3314718,331,MANUTENÇÃO E REPARAÇÃO DE MÁQUINAS E EQUIPAMENTOS,33,C,INDÚSTRIAS DE TRANSFORMAÇÃO
3314719,331,MANUTENÇÃO E REPARAÇÃO DE MÁQUINAS E EQUIPAMENTOS,33,C,INDÚSTRIAS DE TRANSFORMAÇÃO
3314720,331,MANUTENÇÃO E REPARAÇÃO DE MÁQUINAS E EQUIPAMENTOS,33,C,INDÚSTRIAS DE TRANSFORMAÇÃO
3314721,331,MANUTENÇÃO E REPARAÇÃO DE MÁQUINAS E EQUIPAMENTOS,33,C,INDÚSTRIAS DE TRANSFORMAÇÃO
3314722,331,MANUTENÇÃO E REPARAÇÃO DE MÁQUINAS E EQUIPAMENTOS,33,C,INDÚSTRIAS DE TRANSFORMAÇÃO
4221905,422,"OBRAS DE INFRA-ESTRUTURA PARA ENERGIA ELÉTRICA, TELECOMUNICAÇÕES, ÁGUA, ESGOTO E TRANSPORTE POR DUTOS",42,F,CONSTRUÇÃO
3314799,331,MANUTENÇÃO E REPARAÇÃO DE MÁQUINAS E EQUIPAMENTOS,33,C,INDÚSTRIAS DE TRANSFORMAÇÃO
3315500,331,MANUTENÇÃO E REPARAÇÃO DE MÁQUINAS E EQUIPAMENTOS,33,C,INDÚSTRIAS DE TRANSFORMAÇÃO
3316301,331,MANUTENÇÃO E REPARAÇÃO DE MÁQUINAS E EQUIPAMENTOS,33,C,INDÚSTRIAS DE TRANSFORMAÇÃO
3316302,331,MANUTENÇÃO E REPARAÇÃO DE MÁQUINAS E EQUIPAMENTOS,33,C,INDÚSTRIAS DE TRANSFORMAÇÃO
3317101,331,MANUTENÇÃO E REPARAÇÃO DE MÁQUINAS E EQUIPAMENTOS,33,C,INDÚSTRIAS DE TRANSFORMAÇÃO
3319800,331,MANUTENÇÃO E REPARAÇÃO DE MÁQUINAS E EQUIPAMENTOS,33,C,INDÚSTRIAS DE TRANSFORMAÇÃO
3321000,332,INSTALAÇÃO DE MÁQUINAS E EQUIPAMENTOS,33,C,INDÚSTRIAS DE TRANSFORMAÇÃO
3329501,332,INSTALAÇÃO DE MÁQUINAS E EQUIPAMENTOS,33,C,INDÚSTRIAS DE TRANSFORMAÇÃO
3511501,351,"GERAÇÃO, TRANSMISSÃO E DISTRIBUIÇÃO DE ENERGIA ELÉTRICA",35,D,ELETRICIDADE E GÁS
3511502,351,"GERAÇÃO, TRANSMISSÃO E DISTRIBUIÇÃO DE ENERGIA ELÉTRICA",35,D,ELETRICIDADE E GÁS
3512300,351,"GERAÇÃO, TRANSMISSÃO E DISTRIBUIÇÃO DE ENERGIA ELÉTRICA",35,D,ELETRICIDADE E GÁS
3513100,351,"GERAÇÃO, TRANSMISSÃO E DISTRIBUIÇÃO DE ENERGIA ELÉTRICA",35,D,ELETRICIDADE E GÁS
3514000,351,"GERAÇÃO, TRANSMISSÃO E DISTRIBUIÇÃO DE ENERGIA ELÉTRICA",35,D,ELETRICIDADE E GÁS
4212000,421,"CONSTRUÇÃO DE RODOVIAS, FERROVIAS, OBRAS URBANAS E OBRAS-DE-ARTE ESPECIAIS",42,F,CONSTRUÇÃO
3520401,352,PRODUÇÃO E DISTRIBUIÇÃO DE COMBUSTÍVEIS GASOSOS POR REDES URBANAS,35,D,ELETRICIDADE E GÁS
3520402,352,PRODUÇÃO E DISTRIBUIÇÃO DE COMBUSTÍVEIS GASOSOS POR REDES URBANAS,35,D,ELETRICIDADE E GÁS
3701100,370,ESGOTO E ATIVIDADES RELACIONADAS,37,E,"ÁGUA, ESGOTO, ATIVIDADES DE GESTÃO DE RESÍDUOS E DESCONTAMINAÇÃO"
3702900,370,ESGOTO E ATIVIDADES RELACIONADAS,37,E,"ÁGUA, ESGOTO, ATIVIDADES DE GESTÃO DE RESÍDUOS E DESCONTAMINAÇÃO"
3811400,381,COLETA DE RESÍDUOS,38,E,"ÁGUA, ESGOTO, ATIVIDADES DE GESTÃO DE RESÍDUOS E DESCONTAMINAÇÃO"
4634601,463,"COMÉRCIO ATACADISTA ESPECIALIZADO EM PRODUTOS ALIMENTÍCIOS, BEBIDAS E FUMO",46,G,COMÉRCIO; REPARAÇÃO DE VEÍCULOS AUTOMOTORES E MOTOCICLETAS
3812200,381,COLETA DE RESÍDUOS,38,E,"ÁGUA, ESGOTO, ATIVIDADES DE GESTÃO DE RESÍDUOS E DESCONTAMINAÇÃO"
3821100,382,TRATAMENTO E DISPOSIÇÃO DE RESÍDUOS,38,E,"ÁGUA, ESGOTO, ATIVIDADES DE GESTÃO DE RESÍDUOS E DESCONTAMINAÇÃO"
3822000,382,TRATAMENTO E DISPOSIÇÃO DE RESÍDUOS,38,E,"ÁGUA, ESGOTO, ATIVIDADES DE GESTÃO DE RESÍDUOS E DESCONTAMINAÇÃO"
3831901,383,RECUPERAÇÃO DE MATERIAIS,38,E,"ÁGUA, ESGOTO, ATIVIDADES DE GESTÃO DE RESÍDUOS E DESCONTAMINAÇÃO"
4330403,433,OBRAS DE ACABAMENTO,43,F,CONSTRUÇÃO
3831999,383,RECUPERAÇÃO DE MATERIAIS,38,E,"ÁGUA, ESGOTO, ATIVIDADES DE GESTÃO DE RESÍDUOS E DESCONTAMINAÇÃO"
3832700,383,RECUPERAÇÃO DE MATERIAIS,38,E,"ÁGUA, ESGOTO, ATIVIDADES DE GESTÃO DE RESÍDUOS E DESCONTAMINAÇÃO"
3839401,383,RECUPERAÇÃO DE MATERIAIS,38,E,"ÁGUA, ESGOTO, ATIVIDADES DE GESTÃO DE RESÍDUOS E DESCONTAMINAÇÃO"
4311801,431,DEMOLIÇÃO E PREPARAÇÃO DO TERRENO,43,F,CONSTRUÇÃO
3839499,383,RECUPERAÇÃO DE MATERIAIS,38,E,"ÁGUA, ESGOTO, ATIVIDADES DE GESTÃO DE RESÍDUOS E DESCONTAMINAÇÃO"
3900500,390,DESCONTAMINAÇÃO E OUTROS SERVIÇOS DE GESTÃO DE RESÍDUOS,39,E,"ÁGUA, ESGOTO, ATIVIDADES DE GESTÃO DE RESÍDUOS E DESCONTAMINAÇÃO"
4110700,411,INCORPORAÇÃO DE EMPREENDIMENTOS IMOBILIÁRIOS,41,F,CONSTRUÇÃO
4330404,433,OBRAS DE ACABAMENTO,43,F,CONSTRUÇÃO
4623102,462,COMÉRCIO ATACADISTA DE MATÉRIAS-PRIMAS AGRÍCOLAS E ANIMAIS VIVOS,46,G,COMÉRCIO; REPARAÇÃO DE VEÍCULOS AUTOMOTORES E MOTOCICLETAS
4120400,412,CONSTRUÇÃO DE EDIFÍCIOS,41,F,CONSTRUÇÃO
4211101,421,"CONSTRUÇÃO DE RODOVIAS, FERROVIAS, OBRAS URBANAS E OBRAS-DE-ARTE ESPECIAIS",42,F,CONSTRUÇÃO
4211102,421,"CONSTRUÇÃO DE RODOVIAS, FERROVIAS, OBRAS URBANAS E OBRAS-DE-ARTE ESPECIAIS",42,F,CONSTRUÇÃO
4311802,431,DEMOLIÇÃO E PREPARAÇÃO DO TERRENO,43,F,CONSTRUÇÃO
4634602,463,"COMÉRCIO ATACADISTA ESPECIALIZADO EM PRODUTOS ALIMENTÍCIOS, BEBIDAS E FUMO",46,G,COMÉRCIO; REPARAÇÃO DE VEÍCULOS AUTOMOTORES E MOTOCICLETAS
4213800,421,"CONSTRUÇÃO DE RODOVIAS, FERROVIAS, OBRAS URBANAS E OBRAS-DE-ARTE ESPECIAIS",42,F,CONSTRUÇÃO
4221901,422,"OBRAS DE INFRA-ESTRUTURA PARA ENERGIA ELÉTRICA, TELECOMUNICAÇÕES, ÁGUA, ESGOTO E TRANSPORTE POR DUTOS",42,F,CONSTRUÇÃO
4221902,422,"OBRAS DE INFRA-ESTRUTURA PARA ENERGIA ELÉTRICA, TELECOMUNICAÇÕES, ÁGUA, ESGOTO E TRANSPORTE POR DUTOS",42,F,CONSTRUÇÃO
4221903,422,"OBRAS DE INFRA-ESTRUTURA PARA ENERGIA ELÉTRICA, TELECOMUNICAÇÕES, ÁGUA, ESGOTO E TRANSPORTE POR DUTOS",42,F,CONSTRUÇÃO
4221904,422,"OBRAS DE INFRA-ESTRUTURA PARA ENERGIA ELÉTRICA, TELECOMUNICAÇÕES, ÁGUA, ESGOTO E TRANSPORTE POR DUTOS",42,F,CONSTRUÇÃO
4623103,462,COMÉRCIO ATACADISTA DE MATÉRIAS-PRIMAS AGRÍCOLAS E ANIMAIS VIVOS,46,G,COMÉRCIO; REPARAÇÃO DE VEÍCULOS AUTOMOTORES E MOTOCICLETAS
4222701,422,"OBRAS DE INFRA-ESTRUTURA PARA ENERGIA ELÉTRICA, TELECOMUNICAÇÕES, ÁGUA, ESGOTO E TRANSPORTE POR DUTOS",42,F,CONSTRUÇÃO
4222702,422,"OBRAS DE INFRA-ESTRUTURA PARA ENERGIA ELÉTRICA, TELECOMUNICAÇÕES, ÁGUA, ESGOTO E TRANSPORTE POR DUTOS",42,F,CONSTRUÇÃO
4223500,422,"OBRAS DE INFRA-ESTRUTURA PARA ENERGIA ELÉTRICA, TELECOMUNICAÇÕES, ÁGUA, ESGOTO E TRANSPORTE POR DUTOS",42,F,CONSTRUÇÃO
4291000,429,CONSTRUÇÃO DE OUTRAS OBRAS DE INFRA-ESTRUTURA,42,F,CONSTRUÇÃO
4292801,429,CONSTRUÇÃO DE OUTRAS OBRAS DE INFRA-ESTRUTURA,42,F,CONSTRUÇÃO
4292802,429,CONSTRUÇÃO DE OUTRAS OBRAS DE INFRA-ESTRUTURA,42,F,CONSTRUÇÃO
4299501,429,CONSTRUÇÃO DE OUTRAS OBRAS DE INFRA-ESTRUTURA,42,F,CONSTRUÇÃO
4299599,429,CONSTRUÇÃO DE OUTRAS OBRAS DE INFRA-ESTRUTURA,42,F,CONSTRUÇÃO
4634603,463,"COMÉRCIO ATACADISTA ESPECIALIZADO EM PRODUTOS ALIMENTÍCIOS, BEBIDAS E FUMO",46,G,COMÉRCIO; REPARAÇÃO DE VEÍCULOS AUTOMOTORES E MOTOCICLETAS
4312600,431,DEMOLIÇÃO E PREPARAÇÃO DO TERRENO,43,F,CONSTRUÇÃO
4313400,431,DEMOLIÇÃO E PREPARAÇÃO DO TERRENO,43,F,CONSTRUÇÃO
4319300,431,DEMOLIÇÃO E PREPARAÇÃO DO TERRENO,43,F,CONSTRUÇÃO
4330405,433,OBRAS DE ACABAMENTO,43,F,CONSTRUÇÃO
4321500,432,"INSTALAÇÕES ELÉTRICAS, HIDRÁULICAS E OUTRAS INSTALAÇÕES EM CONSTRUÇÕES",43,F,CONSTRUÇÃO
4322301,432,"INSTALAÇÕES ELÉTRICAS, HIDRÁULICAS E OUTRAS INSTALAÇÕES EM CONSTRUÇÕES",43,F,CONSTRUÇÃO
4322302,432,"INSTALAÇÕES ELÉTRICAS, HIDRÁULICAS E OUTRAS INSTALAÇÕES EM CONSTRUÇÕES",43,F,CONSTRUÇÃO
4322303,432,"INSTALAÇÕES ELÉTRICAS, HIDRÁULICAS E OUTRAS INSTALAÇÕES EM CONSTRUÇÕES",43,F,CONSTRUÇÃO
4329101,432,"INSTALAÇÕES ELÉTRICAS, HIDRÁULICAS E OUTRAS INSTALAÇÕES EM CONSTRUÇÕES",43,F,CONSTRUÇÃO
4329102,432,"INSTALAÇÕES ELÉTRICAS, HIDRÁULICAS E OUTRAS INSTALAÇÕES EM CONSTRUÇÕES",43,F,CONSTRUÇÃO
4329103,432,"INSTALAÇÕES ELÉTRICAS, HIDRÁULICAS E OUTRAS INSTALAÇÕES EM CONSTRUÇÕES",43,F,CONSTRUÇÃO
4520006,452,MANUTENÇÃO E REPARAÇÃO DE VEÍCULOS AUTOMOTORES,45,G,COMÉRCIO; REPARAÇÃO DE VEÍCULOS AUTOMOTORES E MOTOCICLETAS
4329104,432,"INSTALAÇÕES ELÉTRICAS, HIDRÁULICAS E OUTRAS INSTALAÇÕES EM CONSTRUÇÕES",43,F,CONSTRUÇÃO
4329105,432,"INSTALAÇÕES ELÉTRICAS, HIDRÁULICAS E OUTRAS INSTALAÇÕES EM CONSTRUÇÕES",43,F,CONSTRUÇÃO
4329199,432,"INSTALAÇÕES ELÉTRICAS, HIDRÁULICAS E OUTRAS INSTALAÇÕES EM CONSTRUÇÕES",43,F,CONSTRUÇÃO
4330401,433,OBRAS DE ACABAMENTO,43,F,CONSTRUÇÃO
4330402,433,OBRAS DE ACABAMENTO,43,F,CONSTRUÇÃO
4330499,433,OBRAS DE ACABAMENTO,43,F,CONSTRUÇÃO
4391600,439,OUTROS SERVIÇOS ESPECIALIZADOS PARA CONSTRUÇÃO,43,F,CONSTRUÇÃO
4399101,439,OUTROS SERVIÇOS ESPECIALIZADOS PARA CONSTRUÇÃO,43,F,CONSTRUÇÃO
4399102,439,OUTROS SERVIÇOS ESPECIALIZADOS PARA CONSTRUÇÃO,43,F,CONSTRUÇÃO
4399103,439,OUTROS SERVIÇOS ESPECIALIZADOS PARA CONSTRUÇÃO,43,F,CONSTRUÇÃO
4399104,439,OUTROS SERVIÇOS ESPECIALIZADOS PARA CONSTRUÇÃO,43,F,CONSTRUÇÃO
4399105,439,OUTROS SERVIÇOS ESPECIALIZADOS PARA CONSTRUÇÃO,43,F,CONSTRUÇÃO
4399199,439,OUTROS SERVIÇOS ESPECIALIZADOS PARA CONSTRUÇÃO,43,F,CONSTRUÇÃO
4511101,451,COMÉRCIO DE VEÍCULOS AUTOMOTORES,45,G,COMÉRCIO; REPARAÇÃO DE VEÍCULOS AUTOMOTORES E MOTOCICLETAS
4511102,451,COMÉRCIO DE VEÍCULOS AUTOMOTORES,45,G,COMÉRCIO; REPARAÇÃO DE VEÍCULOS AUTOMOTORES E MOTOCICLETAS
4511103,451,COMÉRCIO DE VEÍCULOS AUTOMOTORES,45,G,COMÉRCIO; REPARAÇÃO DE VEÍCULOS AUTOMOTORES E MOTOCICLETAS
4511104,451,COMÉRCIO DE VEÍCULOS AUTOMOTORES,45,G,COMÉRCIO; REPARAÇÃO DE VEÍCULOS AUTOMOTORES E MOTOCICLETAS
4511105,451,COMÉRCIO DE VEÍCULOS AUTOMOTORES,45,G,COMÉRCIO; REPARAÇÃO DE VEÍCULOS AUTOMOTORES E MOTOCICLETAS
5611204,561,RESTAURANTES E OUTROS SERVIÇOS DE ALIMENTAÇÃO E BEBIDAS,56,I,ALOJAMENTO E ALIMENTAÇÃO
4511106,451,COMÉRCIO DE VEÍCULOS AUTOMOTORES,45,G,COMÉRCIO; REPARAÇÃO DE VEÍCULOS AUTOMOTORES E MOTOCICLETAS
4512901,451,COMÉRCIO DE VEÍCULOS AUTOMOTORES,45,G,COMÉRCIO; REPARAÇÃO DE VEÍCULOS AUTOMOTORES E MOTOCICLETAS
4512902,451,COMÉRCIO DE VEÍCULOS AUTOMOTORES,45,G,COMÉRCIO; REPARAÇÃO DE VEÍCULOS AUTOMOTORES E MOTOCICLETAS
4520001,452,MANUTENÇÃO E REPARAÇÃO DE VEÍCULOS AUTOMOTORES,45,G,COMÉRCIO; REPARAÇÃO DE VEÍCULOS AUTOMOTORES E MOTOCICLETAS
4520002,452,MANUTENÇÃO E REPARAÇÃO DE VEÍCULOS AUTOMOTORES,45,G,COMÉRCIO; REPARAÇÃO DE VEÍCULOS AUTOMOTORES E MOTOCICLETAS
4520003,452,MANUTENÇÃO E REPARAÇÃO DE VEÍCULOS AUTOMOTORES,45,G,COMÉRCIO; REPARAÇÃO DE VEÍCULOS AUTOMOTORES E MOTOCICLETAS
4520004,452,MANUTENÇÃO E REPARAÇÃO DE VEÍCULOS AUTOMOTORES,45,G,COMÉRCIO; REPARAÇÃO DE VEÍCULOS AUTOMOTORES E MOTOCICLETAS
4520005,452,MANUTENÇÃO E REPARAÇÃO DE VEÍCULOS AUTOMOTORES,45,G,COMÉRCIO; REPARAÇÃO DE VEÍCULOS AUTOMOTORES E MOTOCICLETAS
4520007,452,MANUTENÇÃO E REPARAÇÃO DE VEÍCULOS AUTOMOTORES,45,G,COMÉRCIO; REPARAÇÃO DE VEÍCULOS AUTOMOTORES E MOTOCICLETAS
4520008,452,MANUTENÇÃO E REPARAÇÃO DE VEÍCULOS AUTOMOTORES,45,G,COMÉRCIO; REPARAÇÃO DE VEÍCULOS AUTOMOTORES E MOTOCICLETAS
4530701,453,COMÉRCIO DE PEÇAS E ACESSÓRIOS PARA VEÍCULOS AUTOMOTORES,45,G,COMÉRCIO; REPARAÇÃO DE VEÍCULOS AUTOMOTORES E MOTOCICLETAS
4530702,453,COMÉRCIO DE PEÇAS E ACESSÓRIOS PARA VEÍCULOS AUTOMOTORES,45,G,COMÉRCIO; REPARAÇÃO DE VEÍCULOS AUTOMOTORES E MOTOCICLETAS
4530703,453,COMÉRCIO DE PEÇAS E ACESSÓRIOS PARA VEÍCULOS AUTOMOTORES,45,G,COMÉRCIO; REPARAÇÃO DE VEÍCULOS AUTOMOTORES E MOTOCICLETAS
4623101,462,COMÉRCIO ATACADISTA DE MATÉRIAS-PRIMAS AGRÍCOLAS E ANIMAIS VIVOS,46,G,COMÉRCIO; REPARAÇÃO DE VEÍCULOS AUTOMOTORES E MOTOCICLETAS
4530704,453,COMÉRCIO DE PEÇAS E ACESSÓRIOS PARA VEÍCULOS AUTOMOTORES,45,G,COMÉRCIO; REPARAÇÃO DE VEÍCULOS AUTOMOTORES E MOTOCICLETAS
4530705,453,COMÉRCIO DE PEÇAS E ACESSÓRIOS PARA VEÍCULOS AUTOMOTORES,45,G,COMÉRCIO; REPARAÇÃO DE VEÍCULOS AUTOMOTORES E MOTOCICLETAS
4530706,453,COMÉRCIO DE PEÇAS E ACESSÓRIOS PARA VEÍCULOS AUTOMOTORES,45,G,COMÉRCIO; REPARAÇÃO DE VEÍCULOS AUTOMOTORES E MOTOCICLETAS
4541201,454,"COMÉRCIO, MANUTENÇÃO E REPARAÇÃO DE MOTOCICLETAS, PEÇAS E ACESSÓRIOS",45,G,COMÉRCIO; REPARAÇÃO DE VEÍCULOS AUTOMOTORES E MOTOCICLETAS
4541202,454,"COMÉRCIO, MANUTENÇÃO E REPARAÇÃO DE MOTOCICLETAS, PEÇAS E ACESSÓRIOS",45,G,COMÉRCIO; REPARAÇÃO DE VEÍCULOS AUTOMOTORES E MOTOCICLETAS
4541203,454,"COMÉRCIO, MANUTENÇÃO E REPARAÇÃO DE MOTOCICLETAS, PEÇAS E ACESSÓRIOS",45,G,COMÉRCIO; REPARAÇÃO DE VEÍCULOS AUTOMOTORES E MOTOCICLETAS
4541204,454,"COMÉRCIO, MANUTENÇÃO E REPARAÇÃO DE MOTOCICLETAS, PEÇAS E ACESSÓRIOS",45,G,COMÉRCIO; REPARAÇÃO DE VEÍCULOS AUTOMOTORES E MOTOCICLETAS
4618401,461,"REPRESENTANTES COMERCIAIS E AGENTES DO COMÉRCIO, EXCETO DE VEÍCULOS AUTOMOTORES E MOTOCICLETAS",46,G,COMÉRCIO; REPARAÇÃO DE VEÍCULOS AUTOMOTORES E MOTOCICLETAS
4542101,454,"COMÉRCIO, MANUTENÇÃO E REPARAÇÃO DE MOTOCICLETAS, PEÇAS E ACESSÓRIOS",45,G,COMÉRCIO; REPARAÇÃO DE VEÍCULOS AUTOMOTORES E MOTOCICLETAS
4542102,454,"COMÉRCIO, MANUTENÇÃO E REPARAÇÃO DE MOTOCICLETAS, PEÇAS E ACESSÓRIOS",45,G,COMÉRCIO; REPARAÇÃO DE VEÍCULOS AUTOMOTORES E MOTOCICLETAS
4543900,454,"COMÉRCIO, MANUTENÇÃO E REPARAÇÃO DE MOTOCICLETAS, PEÇAS E ACESSÓRIOS",45,G,COMÉRCIO; REPARAÇÃO DE VEÍCULOS AUTOMOTORES E MOTOCICLETAS
4611700,461,"REPRESENTANTES COMERCIAIS E AGENTES DO COMÉRCIO, EXCETO DE VEÍCULOS AUTOMOTORES E MOTOCICLETAS",46,G,COMÉRCIO; REPARAÇÃO DE VEÍCULOS AUTOMOTORES E MOTOCICLETAS
4612500,461,"REPRESENTANTES COMERCIAIS E AGENTES DO COMÉRCIO, EXCETO DE VEÍCULOS AUTOMOTORES E MOTOCICLETAS",46,G,COMÉRCIO; REPARAÇÃO DE VEÍCULOS AUTOMOTORES E MOTOCICLETAS
4613300,461,"REPRESENTANTES COMERCIAIS E AGENTES DO COMÉRCIO, EXCETO DE VEÍCULOS AUTOMOTORES E MOTOCICLETAS",46,G,COMÉRCIO; REPARAÇÃO DE VEÍCULOS AUTOMOTORES E MOTOCICLETAS
4614100,461,"REPRESENTANTES COMERCIAIS E AGENTES DO COMÉRCIO, EXCETO DE VEÍCULOS AUTOMOTORES E MOTOCICLETAS",46,G,COMÉRCIO; REPARAÇÃO DE VEÍCULOS AUTOMOTORES E MOTOCICLETAS
4615000,461,"REPRESENTANTES COMERCIAIS E AGENTES DO COMÉRCIO, EXCETO DE VEÍCULOS AUTOMOTORES E MOTOCICLETAS",46,G,COMÉRCIO; REPARAÇÃO DE VEÍCULOS AUTOMOTORES E MOTOCICLETAS
4616800,461,"REPRESENTANTES COMERCIAIS E AGENTES DO COMÉRCIO, EXCETO DE VEÍCULOS AUTOMOTORES E MOTOCICLETAS",46,G,COMÉRCIO; REPARAÇÃO DE VEÍCULOS AUTOMOTORES E MOTOCICLETAS
4617600,461,"REPRESENTANTES COMERCIAIS E AGENTES DO COMÉRCIO, EXCETO DE VEÍCULOS AUTOMOTORES E MOTOCICLETAS",46,G,COMÉRCIO; REPARAÇÃO DE VEÍCULOS AUTOMOTORES E MOTOCICLETAS
4618402,461,"REPRESENTANTES COMERCIAIS E AGENTES DO COMÉRCIO, EXCETO DE VEÍCULOS AUTOMOTORES E MOTOCICLETAS",46,G,COMÉRCIO; REPARAÇÃO DE VEÍCULOS AUTOMOTORES E MOTOCICLETAS
4618403,461,"REPRESENTANTES COMERCIAIS E AGENTES DO COMÉRCIO, EXCETO DE VEÍCULOS AUTOMOTORES E MOTOCICLETAS",46,G,COMÉRCIO; REPARAÇÃO DE VEÍCULOS AUTOMOTORES E MOTOCICLETAS
4618499,461,"REPRESENTANTES COMERCIAIS E AGENTES DO COMÉRCIO, EXCETO DE VEÍCULOS AUTOMOTORES E MOTOCICLETAS",46,G,COMÉRCIO; REPARAÇÃO DE VEÍCULOS AUTOMOTORES E MOTOCICLETAS
4619200,461,"REPRESENTANTES COMERCIAIS E AGENTES DO COMÉRCIO, EXCETO DE VEÍCULOS AUTOMOTORES E MOTOCICLETAS",46,G,COMÉRCIO; REPARAÇÃO DE VEÍCULOS AUTOMOTORES E MOTOCICLETAS
4621400,462,COMÉRCIO ATACADISTA DE MATÉRIAS-PRIMAS AGRÍCOLAS E ANIMAIS VIVOS,46,G,COMÉRCIO; REPARAÇÃO DE VEÍCULOS AUTOMOTORES E MOTOCICLETAS
4622200,462,COMÉRCIO ATACADISTA DE MATÉRIAS-PRIMAS AGRÍCOLAS E ANIMAIS VIVOS,46,G,COMÉRCIO; REPARAÇÃO DE VEÍCULOS AUTOMOTORES E MOTOCICLETAS
4623104,462,COMÉRCIO ATACADISTA DE MATÉRIAS-PRIMAS AGRÍCOLAS E ANIMAIS VIVOS,46,G,COMÉRCIO; REPARAÇÃO DE VEÍCULOS AUTOMOTORES E MOTOCICLETAS
4623108,462,COMÉRCIO ATACADISTA DE MATÉRIAS-PRIMAS AGRÍCOLAS E ANIMAIS VIVOS,46,G,COMÉRCIO; REPARAÇÃO DE VEÍCULOS AUTOMOTORES E MOTOCICLETAS
4623109,462,COMÉRCIO ATACADISTA DE MATÉRIAS-PRIMAS AGRÍCOLAS E ANIMAIS VIVOS,46,G,COMÉRCIO; REPARAÇÃO DE VEÍCULOS AUTOMOTORES E MOTOCICLETAS
4623199,462,COMÉRCIO ATACADISTA DE MATÉRIAS-PRIMAS AGRÍCOLAS E ANIMAIS VIVOS,46,G,COMÉRCIO; REPARAÇÃO DE VEÍCULOS AUTOMOTORES E MOTOCICLETAS
4631100,463,"COMÉRCIO ATACADISTA ESPECIALIZADO EM PRODUTOS ALIMENTÍCIOS, BEBIDAS E FUMO",46,G,COMÉRCIO; REPARAÇÃO DE VEÍCULOS AUTOMOTORES E MOTOCICLETAS
4632001,463,"COMÉRCIO ATACADISTA ESPECIALIZADO EM PRODUTOS ALIMENTÍCIOS, BEBIDAS E FUMO",46,G,COMÉRCIO; REPARAÇÃO DE VEÍCULOS AUTOMOTORES E MOTOCICLETAS
4632002,463,"COMÉRCIO ATACADISTA ESPECIALIZADO EM PRODUTOS ALIMENTÍCIOS, BEBIDAS E FUMO",46,G,COMÉRCIO; REPARAÇÃO DE VEÍCULOS AUTOMOTORES E MOTOCICLETAS
4632003,463,"COMÉRCIO ATACADISTA ESPECIALIZADO EM PRODUTOS ALIMENTÍCIOS, BEBIDAS E FUMO",46,G,COMÉRCIO; REPARAÇÃO DE VEÍCULOS AUTOMOTORES E MOTOCICLETAS
4633801,463,"COMÉRCIO ATACADISTA ESPECIALIZADO EM PRODUTOS ALIMENTÍCIOS, BEBIDAS E FUMO",46,G,COMÉRCIO; REPARAÇÃO DE VEÍCULOS AUTOMOTORES E MOTOCICLETAS
4633802,463,"COMÉRCIO ATACADISTA ESPECIALIZADO EM PRODUTOS ALIMENTÍCIOS, BEBIDAS E FUMO",46,G,COMÉRCIO; REPARAÇÃO DE VEÍCULOS AUTOMOTORES E MOTOCICLETAS
4634699,463,"COMÉRCIO ATACADISTA ESPECIALIZADO EM PRODUTOS ALIMENTÍCIOS, BEBIDAS E FUMO",46,G,COMÉRCIO; REPARAÇÃO DE VEÍCULOS AUTOMOTORES E MOTOCICLETAS
4635401,463,"COMÉRCIO ATACADISTA ESPECIALIZADO EM PRODUTOS ALIMENTÍCIOS, BEBIDAS E FUMO",46,G,COMÉRCIO; REPARAÇÃO DE VEÍCULOS AUTOMOTORES E MOTOCICLETAS
4635402,463,"COMÉRCIO ATACADISTA ESPECIALIZADO EM PRODUTOS ALIMENTÍCIOS, BEBIDAS E FUMO",46,G,COMÉRCIO; REPARAÇÃO DE VEÍCULOS AUTOMOTORES E MOTOCICLETAS
4635403,463,"COMÉRCIO ATACADISTA ESPECIALIZADO EM PRODUTOS ALIMENTÍCIOS, BEBIDAS E FUMO",46,G,COMÉRCIO; REPARAÇÃO DE VEÍCULOS AUTOMOTORES E MOTOCICLETAS
4635499,463,"COMÉRCIO ATACADISTA ESPECIALIZADO EM PRODUTOS ALIMENTÍCIOS, BEBIDAS E FUMO",46,G,COMÉRCIO; REPARAÇÃO DE VEÍCULOS AUTOMOTORES E MOTOCICLETAS
4636201,463,"COMÉRCIO ATACADISTA ESPECIALIZADO EM PRODUTOS ALIMENTÍCIOS, BEBIDAS E FUMO",46,G,COMÉRCIO; REPARAÇÃO DE VEÍCULOS AUTOMOTORES E MOTOCICLETAS
4636202,463,"COMÉRCIO ATACADISTA ESPECIALIZADO EM PRODUTOS ALIMENTÍCIOS, BEBIDAS E FUMO",46,G,COMÉRCIO; REPARAÇÃO DE VEÍCULOS AUTOMOTORES E MOTOCICLETAS
4637101,463,"COMÉRCIO ATACADISTA ESPECIALIZADO EM PRODUTOS ALIMENTÍCIOS, BEBIDAS E FUMO",46,G,COMÉRCIO; REPARAÇÃO DE VEÍCULOS AUTOMOTORES E MOTOCICLETAS
4637102,463,"COMÉRCIO ATACADISTA ESPECIALIZADO EM PRODUTOS ALIMENTÍCIOS, BEBIDAS E FUMO",46,G,COMÉRCIO; REPARAÇÃO DE VEÍCULOS AUTOMOTORES E MOTOCICLETAS
4637103,463,"COMÉRCIO ATACADISTA ESPECIALIZADO EM PRODUTOS ALIMENTÍCIOS, BEBIDAS E FUMO",46,G,COMÉRCIO; REPARAÇÃO DE VEÍCULOS AUTOMOTORES E MOTOCICLETAS
4637104,463,"COMÉRCIO ATACADISTA ESPECIALIZADO EM PRODUTOS ALIMENTÍCIOS, BEBIDAS E FUMO",46,G,COMÉRCIO; REPARAÇÃO DE VEÍCULOS AUTOMOTORES E MOTOCICLETAS
4637105,463,"COMÉRCIO ATACADISTA ESPECIALIZADO EM PRODUTOS ALIMENTÍCIOS, BEBIDAS E FUMO",46,G,COMÉRCIO; REPARAÇÃO DE VEÍCULOS AUTOMOTORES E MOTOCICLETAS
4637106,463,"COMÉRCIO ATACADISTA ESPECIALIZADO EM PRODUTOS ALIMENTÍCIOS, BEBIDAS E FUMO",46,G,COMÉRCIO; REPARAÇÃO DE VEÍCULOS AUTOMOTORES E MOTOCICLETAS
4637107,463,"COMÉRCIO ATACADISTA ESPECIALIZADO EM PRODUTOS ALIMENTÍCIOS, BEBIDAS E FUMO",46,G,COMÉRCIO; REPARAÇÃO DE VEÍCULOS AUTOMOTORES E MOTOCICLETAS
4637199,463,"COMÉRCIO ATACADISTA ESPECIALIZADO EM PRODUTOS ALIMENTÍCIOS, BEBIDAS E FUMO",46,G,COMÉRCIO; REPARAÇÃO DE VEÍCULOS AUTOMOTORES E MOTOCICLETAS
4639701,463,"COMÉRCIO ATACADISTA ESPECIALIZADO EM PRODUTOS ALIMENTÍCIOS, BEBIDAS E FUMO",46,G,COMÉRCIO; REPARAÇÃO DE VEÍCULOS AUTOMOTORES E MOTOCICLETAS
4639702,463,"COMÉRCIO ATACADISTA ESPECIALIZADO EM PRODUTOS ALIMENTÍCIOS, BEBIDAS E FUMO",46,G,COMÉRCIO; REPARAÇÃO DE VEÍCULOS AUTOMOTORES E MOTOCICLETAS
4641902,464,COMÉRCIO ATACADISTA DE PRODUTOS DE CONSUMO NÃO-ALIMENTAR,46,G,COMÉRCIO; REPARAÇÃO DE VEÍCULOS AUTOMOTORES E MOTOCICLETAS
4641903,464,COMÉRCIO ATACADISTA DE PRODUTOS DE CONSUMO NÃO-ALIMENTAR,46,G,COMÉRCIO; REPARAÇÃO DE VEÍCULOS AUTOMOTORES E MOTOCICLETAS
4642701,464,COMÉRCIO ATACADISTA DE PRODUTOS DE CONSUMO NÃO-ALIMENTAR,46,G,COMÉRCIO; REPARAÇÃO DE VEÍCULOS AUTOMOTORES E MOTOCICLETAS
4642702,464,COMÉRCIO ATACADISTA DE PRODUTOS DE CONSUMO NÃO-ALIMENTAR,46,G,COMÉRCIO; REPARAÇÃO DE VEÍCULOS AUTOMOTORES E MOTOCICLETAS
4644301,464,COMÉRCIO ATACADISTA DE PRODUTOS DE CONSUMO NÃO-ALIMENTAR,46,G,COMÉRCIO; REPARAÇÃO DE VEÍCULOS AUTOMOTORES E MOTOCICLETAS
4644302,464,COMÉRCIO ATACADISTA DE PRODUTOS DE CONSUMO NÃO-ALIMENTAR,46,G,COMÉRCIO; REPARAÇÃO DE VEÍCULOS AUTOMOTORES E MOTOCICLETAS
4645101,464,COMÉRCIO ATACADISTA DE PRODUTOS DE CONSUMO NÃO-ALIMENTAR,46,G,COMÉRCIO; REPARAÇÃO DE VEÍCULOS AUTOMOTORES E MOTOCICLETAS
4645102,464,COMÉRCIO ATACADISTA DE PRODUTOS DE CONSUMO NÃO-ALIMENTAR,46,G,COMÉRCIO; REPARAÇÃO DE VEÍCULOS AUTOMOTORES E MOTOCICLETAS
4645103,464,COMÉRCIO ATACADISTA DE PRODUTOS DE CONSUMO NÃO-ALIMENTAR,46,G,COMÉRCIO; REPARAÇÃO DE VEÍCULOS AUTOMOTORES E MOTOCICLETAS
4646001,464,COMÉRCIO ATACADISTA DE PRODUTOS DE CONSUMO NÃO-ALIMENTAR,46,G,COMÉRCIO; REPARAÇÃO DE VEÍCULOS AUTOMOTORES E MOTOCICLETAS
4646002,464,COMÉRCIO ATACADISTA DE PRODUTOS DE CONSUMO NÃO-ALIMENTAR,46,G,COMÉRCIO; REPARAÇÃO DE VEÍCULOS AUTOMOTORES E MOTOCICLETAS
4647801,464,COMÉRCIO ATACADISTA DE PRODUTOS DE CONSUMO NÃO-ALIMENTAR,46,G,COMÉRCIO; REPARAÇÃO DE VEÍCULOS AUTOMOTORES E MOTOCICLETAS
4647802,464,COMÉRCIO ATACADISTA DE PRODUTOS DE CONSUMO NÃO-ALIMENTAR,46,G,COMÉRCIO; REPARAÇÃO DE VEÍCULOS AUTOMOTORES E MOTOCICLETAS
4679601,467,"COMÉRCIO ATACADISTA DE MADEIRA, FERRAGENS, FERRAMENTAS, MATERIAL ELÉTRICO E MATERIAL DE CONSTRUÇÃO",46,G,COMÉRCIO; REPARAÇÃO DE VEÍCULOS AUTOMOTORES E MOTOCICLETAS
4649401,464,COMÉRCIO ATACADISTA DE PRODUTOS DE CONSUMO NÃO-ALIMENTAR,46,G,COMÉRCIO; REPARAÇÃO DE VEÍCULOS AUTOMOTORES E MOTOCICLETAS
4649402,464,COMÉRCIO ATACADISTA DE PRODUTOS DE CONSUMO NÃO-ALIMENTAR,46,G,COMÉRCIO; REPARAÇÃO DE VEÍCULOS AUTOMOTORES E MOTOCICLETAS
4649403,464,COMÉRCIO ATACADISTA DE PRODUTOS DE CONSUMO NÃO-ALIMENTAR,46,G,COMÉRCIO; REPARAÇÃO DE VEÍCULOS AUTOMOTORES E MOTOCICLETAS
4649404,464,COMÉRCIO ATACADISTA DE PRODUTOS DE CONSUMO NÃO-ALIMENTAR,46,G,COMÉRCIO; REPARAÇÃO DE VEÍCULOS AUTOMOTORES E MOTOCICLETAS
4649405,464,COMÉRCIO ATACADISTA DE PRODUTOS DE CONSUMO NÃO-ALIMENTAR,46,G,COMÉRCIO; REPARAÇÃO DE VEÍCULOS AUTOMOTORES E MOTOCICLETAS
4649406,464,COMÉRCIO ATACADISTA DE PRODUTOS DE CONSUMO NÃO-ALIMENTAR,46,G,COMÉRCIO; REPARAÇÃO DE VEÍCULOS AUTOMOTORES E MOTOCICLETAS
4649407,464,COMÉRCIO ATACADISTA DE PRODUTOS DE CONSUMO NÃO-ALIMENTAR,46,G,COMÉRCIO; REPARAÇÃO DE VEÍCULOS AUTOMOTORES E MOTOCICLETAS
4649408,464,COMÉRCIO ATACADISTA DE PRODUTOS DE CONSUMO NÃO-ALIMENTAR,46,G,COMÉRCIO; REPARAÇÃO DE VEÍCULOS AUTOMOTORES E MOTOCICLETAS
4649409,464,COMÉRCIO ATACADISTA DE PRODUTOS DE CONSUMO NÃO-ALIMENTAR,46,G,COMÉRCIO; REPARAÇÃO DE VEÍCULOS AUTOMOTORES E MOTOCICLETAS
4649410,464,COMÉRCIO ATACADISTA DE PRODUTOS DE CONSUMO NÃO-ALIMENTAR,46,G,COMÉRCIO; REPARAÇÃO DE VEÍCULOS AUTOMOTORES E MOTOCICLETAS
4649499,464,COMÉRCIO ATACADISTA DE PRODUTOS DE CONSUMO NÃO-ALIMENTAR,46,G,COMÉRCIO; REPARAÇÃO DE VEÍCULOS AUTOMOTORES E MOTOCICLETAS
4651601,465,COMÉRCIO ATACADISTA DE EQUIPAMENTOS E PRODUTOS DE TECNOLOGIAS DE INFORMAÇÃO E COMUNICAÇÃO,46,G,COMÉRCIO; REPARAÇÃO DE VEÍCULOS AUTOMOTORES E MOTOCICLETAS
4651602,465,COMÉRCIO ATACADISTA DE EQUIPAMENTOS E PRODUTOS DE TECNOLOGIAS DE INFORMAÇÃO E COMUNICAÇÃO,46,G,COMÉRCIO; REPARAÇÃO DE VEÍCULOS AUTOMOTORES E MOTOCICLETAS
4652400,465,COMÉRCIO ATACADISTA DE EQUIPAMENTOS E PRODUTOS DE TECNOLOGIAS DE INFORMAÇÃO E COMUNICAÇÃO,46,G,COMÉRCIO; REPARAÇÃO DE VEÍCULOS AUTOMOTORES E MOTOCICLETAS
4661300,466,"COMÉRCIO ATACADISTA DE MÁQUINAS, APARELHOS E EQUIPAMENTOS, EXCETO DE TECNOLOGIAS DE INFORMAÇÃO E COMUNICAÇÃO",46,G,COMÉRCIO; REPARAÇÃO DE VEÍCULOS AUTOMOTORES E MOTOCICLETAS
4679602,467,"COMÉRCIO ATACADISTA DE MADEIRA, FERRAGENS, FERRAMENTAS, MATERIAL ELÉTRICO E MATERIAL DE CONSTRUÇÃO",46,G,COMÉRCIO; REPARAÇÃO DE VEÍCULOS AUTOMOTORES E MOTOCICLETAS
4662100,466,"COMÉRCIO ATACADISTA DE MÁQUINAS, APARELHOS E EQUIPAMENTOS, EXCETO DE TECNOLOGIAS DE INFORMAÇÃO E COMUNICAÇÃO",46,G,COMÉRCIO; REPARAÇÃO DE VEÍCULOS AUTOMOTORES E MOTOCICLETAS
4663000,466,"COMÉRCIO ATACADISTA DE MÁQUINAS, APARELHOS E EQUIPAMENTOS, EXCETO DE TECNOLOGIAS DE INFORMAÇÃO E COMUNICAÇÃO",46,G,COMÉRCIO; REPARAÇÃO DE VEÍCULOS AUTOMOTORES E MOTOCICLETAS
4664800,466,"COMÉRCIO ATACADISTA DE MÁQUINAS, APARELHOS E EQUIPAMENTOS, EXCETO DE TECNOLOGIAS DE INFORMAÇÃO E COMUNICAÇÃO",46,G,COMÉRCIO; REPARAÇÃO DE VEÍCULOS AUTOMOTORES E MOTOCICLETAS
4665600,466,"COMÉRCIO ATACADISTA DE MÁQUINAS, APARELHOS E EQUIPAMENTOS, EXCETO DE TECNOLOGIAS DE INFORMAÇÃO E COMUNICAÇÃO",46,G,COMÉRCIO; REPARAÇÃO DE VEÍCULOS AUTOMOTORES E MOTOCICLETAS
4669901,466,"COMÉRCIO ATACADISTA DE MÁQUINAS, APARELHOS E EQUIPAMENTOS, EXCETO DE TECNOLOGIAS DE INFORMAÇÃO E COMUNICAÇÃO",46,G,COMÉRCIO; REPARAÇÃO DE VEÍCULOS AUTOMOTORES E MOTOCICLETAS
4741500,474,COMÉRCIO VAREJISTA DE MATERIAL DE CONSTRUÇÃO,47,G,COMÉRCIO; REPARAÇÃO DE VEÍCULOS AUTOMOTORES E MOTOCICLETAS
4669999,466,"COMÉRCIO ATACADISTA DE MÁQUINAS, APARELHOS E EQUIPAMENTOS, EXCETO DE TECNOLOGIAS DE INFORMAÇÃO E COMUNICAÇÃO",46,G,COMÉRCIO; REPARAÇÃO DE VEÍCULOS AUTOMOTORES E MOTOCICLETAS
4671100,467,"COMÉRCIO ATACADISTA DE MADEIRA, FERRAGENS, FERRAMENTAS, MATERIAL ELÉTRICO E MATERIAL DE CONSTRUÇÃO",46,G,COMÉRCIO; REPARAÇÃO DE VEÍCULOS AUTOMOTORES E MOTOCICLETAS
4672900,467,"COMÉRCIO ATACADISTA DE MADEIRA, FERRAGENS, FERRAMENTAS, MATERIAL ELÉTRICO E MATERIAL DE CONSTRUÇÃO",46,G,COMÉRCIO; REPARAÇÃO DE VEÍCULOS AUTOMOTORES E MOTOCICLETAS
4673700,467,"COMÉRCIO ATACADISTA DE MADEIRA, FERRAGENS, FERRAMENTAS, MATERIAL ELÉTRICO E MATERIAL DE CONSTRUÇÃO",46,G,COMÉRCIO; REPARAÇÃO DE VEÍCULOS AUTOMOTORES E MOTOCICLETAS
4674500,467,"COMÉRCIO ATACADISTA DE MADEIRA, FERRAGENS, FERRAMENTAS, MATERIAL ELÉTRICO E MATERIAL DE CONSTRUÇÃO",46,G,COMÉRCIO; REPARAÇÃO DE VEÍCULOS AUTOMOTORES E MOTOCICLETAS
4679603,467,"COMÉRCIO ATACADISTA DE MADEIRA, FERRAGENS, FERRAMENTAS, MATERIAL ELÉTRICO E MATERIAL DE CONSTRUÇÃO",46,G,COMÉRCIO; REPARAÇÃO DE VEÍCULOS AUTOMOTORES E MOTOCICLETAS
4679604,467,"COMÉRCIO ATACADISTA DE MADEIRA, FERRAGENS, FERRAMENTAS, MATERIAL ELÉTRICO E MATERIAL DE CONSTRUÇÃO",46,G,COMÉRCIO; REPARAÇÃO DE VEÍCULOS AUTOMOTORES E MOTOCICLETAS
4681801,468,COMÉRCIO ATACADISTA ESPECIALIZADO EM OUTROS PRODUTOS,46,G,COMÉRCIO; REPARAÇÃO DE VEÍCULOS AUTOMOTORES E MOTOCICLETAS
4681802,468,COMÉRCIO ATACADISTA ESPECIALIZADO EM OUTROS PRODUTOS,46,G,COMÉRCIO; REPARAÇÃO DE VEÍCULOS AUTOMOTORES E MOTOCICLETAS
4681803,468,COMÉRCIO ATACADISTA ESPECIALIZADO EM OUTROS PRODUTOS,46,G,COMÉRCIO; REPARAÇÃO DE VEÍCULOS AUTOMOTORES E MOTOCICLETAS
4681804,468,COMÉRCIO ATACADISTA ESPECIALIZADO EM OUTROS PRODUTOS,46,G,COMÉRCIO; REPARAÇÃO DE VEÍCULOS AUTOMOTORES E MOTOCICLETAS
4681805,468,COMÉRCIO ATACADISTA ESPECIALIZADO EM OUTROS PRODUTOS,46,G,COMÉRCIO; REPARAÇÃO DE VEÍCULOS AUTOMOTORES E MOTOCICLETAS
4682600,468,COMÉRCIO ATACADISTA ESPECIALIZADO EM OUTROS PRODUTOS,46,G,COMÉRCIO; REPARAÇÃO DE VEÍCULOS AUTOMOTORES E MOTOCICLETAS
4683400,468,COMÉRCIO ATACADISTA ESPECIALIZADO EM OUTROS PRODUTOS,46,G,COMÉRCIO; REPARAÇÃO DE VEÍCULOS AUTOMOTORES E MOTOCICLETAS
4684201,468,COMÉRCIO ATACADISTA ESPECIALIZADO EM OUTROS PRODUTOS,46,G,COMÉRCIO; REPARAÇÃO DE VEÍCULOS AUTOMOTORES E MOTOCICLETAS
4684202,468,COMÉRCIO ATACADISTA ESPECIALIZADO EM OUTROS PRODUTOS,46,G,COMÉRCIO; REPARAÇÃO DE VEÍCULOS AUTOMOTORES E MOTOCICLETAS
4684299,468,COMÉRCIO ATACADISTA ESPECIALIZADO EM OUTROS PRODUTOS,46,G,COMÉRCIO; REPARAÇÃO DE VEÍCULOS AUTOMOTORES E MOTOCICLETAS
4685100,468,COMÉRCIO ATACADISTA ESPECIALIZADO EM OUTROS PRODUTOS,46,G,COMÉRCIO; REPARAÇÃO DE VEÍCULOS AUTOMOTORES E MOTOCICLETAS
4686901,468,COMÉRCIO ATACADISTA ESPECIALIZADO EM OUTROS PRODUTOS,46,G,COMÉRCIO; REPARAÇÃO DE VEÍCULOS AUTOMOTORES E MOTOCICLETAS
4686902,468,COMÉRCIO ATACADISTA ESPECIALIZADO EM OUTROS PRODUTOS,46,G,COMÉRCIO; REPARAÇÃO DE VEÍCULOS AUTOMOTORES E MOTOCICLETAS
4687701,468,COMÉRCIO ATACADISTA ESPECIALIZADO EM OUTROS PRODUTOS,46,G,COMÉRCIO; REPARAÇÃO DE VEÍCULOS AUTOMOTORES E MOTOCICLETAS
4721103,472,"COMÉRCIO VAREJISTA DE PRODUTOS ALIMENTÍCIOS, BEBIDAS E FUMO",47,G,COMÉRCIO; REPARAÇÃO DE VEÍCULOS AUTOMOTORES E MOTOCICLETAS
4687702,468,COMÉRCIO ATACADISTA ESPECIALIZADO EM OUTROS PRODUTOS,46,G,COMÉRCIO; REPARAÇÃO DE VEÍCULOS AUTOMOTORES E MOTOCICLETAS
4687703,468,COMÉRCIO ATACADISTA ESPECIALIZADO EM OUTROS PRODUTOS,46,G,COMÉRCIO; REPARAÇÃO DE VEÍCULOS AUTOMOTORES E MOTOCICLETAS
4689301,468,COMÉRCIO ATACADISTA ESPECIALIZADO EM OUTROS PRODUTOS,46,G,COMÉRCIO; REPARAÇÃO DE VEÍCULOS AUTOMOTORES E MOTOCICLETAS
4689302,468,COMÉRCIO ATACADISTA ESPECIALIZADO EM OUTROS PRODUTOS,46,G,COMÉRCIO; REPARAÇÃO DE VEÍCULOS AUTOMOTORES E MOTOCICLETAS
4689399,468,COMÉRCIO ATACADISTA ESPECIALIZADO EM OUTROS PRODUTOS,46,G,COMÉRCIO; REPARAÇÃO DE VEÍCULOS AUTOMOTORES E MOTOCICLETAS
4691500,469,COMÉRCIO ATACADISTA NÃO-ESPECIALIZADO,46,G,COMÉRCIO; REPARAÇÃO DE VEÍCULOS AUTOMOTORES E MOTOCICLETAS
4692300,469,COMÉRCIO ATACADISTA NÃO-ESPECIALIZADO,46,G,COMÉRCIO; REPARAÇÃO DE VEÍCULOS AUTOMOTORES E MOTOCICLETAS
4693100,469,COMÉRCIO ATACADISTA NÃO-ESPECIALIZADO,46,G,COMÉRCIO; REPARAÇÃO DE VEÍCULOS AUTOMOTORES E MOTOCICLETAS
4774100,477,"COMÉRCIO VAREJISTA DE PRODUTOS FARMACÊUTICOS, PERFUMARIA E COSMÉTICOS E ARTIGOS MÉDICOS, ÓPTICOS E ORTOPÉDICOS",47,G,COMÉRCIO; REPARAÇÃO DE VEÍCULOS AUTOMOTORES E MOTOCICLETAS
4711301,471,COMÉRCIO VAREJISTA NÃO-ESPECIALIZADO,47,G,COMÉRCIO; REPARAÇÃO DE VEÍCULOS AUTOMOTORES E MOTOCICLETAS
4711302,471,COMÉRCIO VAREJISTA NÃO-ESPECIALIZADO,47,G,COMÉRCIO; REPARAÇÃO DE VEÍCULOS AUTOMOTORES E MOTOCICLETAS
4712100,471,COMÉRCIO VAREJISTA NÃO-ESPECIALIZADO,47,G,COMÉRCIO; REPARAÇÃO DE VEÍCULOS AUTOMOTORES E MOTOCICLETAS
4713002,471,COMÉRCIO VAREJISTA NÃO-ESPECIALIZADO,47,G,COMÉRCIO; REPARAÇÃO DE VEÍCULOS AUTOMOTORES E MOTOCICLETAS
4721102,472,"COMÉRCIO VAREJISTA DE PRODUTOS ALIMENTÍCIOS, BEBIDAS E FUMO",47,G,COMÉRCIO; REPARAÇÃO DE VEÍCULOS AUTOMOTORES E MOTOCICLETAS
4721104,472,"COMÉRCIO VAREJISTA DE PRODUTOS ALIMENTÍCIOS, BEBIDAS E FUMO",47,G,COMÉRCIO; REPARAÇÃO DE VEÍCULOS AUTOMOTORES E MOTOCICLETAS
4722901,472,"COMÉRCIO VAREJISTA DE PRODUTOS ALIMENTÍCIOS, BEBIDAS E FUMO",47,G,COMÉRCIO; REPARAÇÃO DE VEÍCULOS AUTOMOTORES E MOTOCICLETAS
4722902,472,"COMÉRCIO VAREJISTA DE PRODUTOS ALIMENTÍCIOS, BEBIDAS E FUMO",47,G,COMÉRCIO; REPARAÇÃO DE VEÍCULOS AUTOMOTORES E MOTOCICLETAS
4723700,472,"COMÉRCIO VAREJISTA DE PRODUTOS ALIMENTÍCIOS, BEBIDAS E FUMO",47,G,COMÉRCIO; REPARAÇÃO DE VEÍCULOS AUTOMOTORES E MOTOCICLETAS
4729602,472,"COMÉRCIO VAREJISTA DE PRODUTOS ALIMENTÍCIOS, BEBIDAS E FUMO",47,G,COMÉRCIO; REPARAÇÃO DE VEÍCULOS AUTOMOTORES E MOTOCICLETAS
4729699,472,"COMÉRCIO VAREJISTA DE PRODUTOS ALIMENTÍCIOS, BEBIDAS E FUMO",47,G,COMÉRCIO; REPARAÇÃO DE VEÍCULOS AUTOMOTORES E MOTOCICLETAS
4731800,473,COMÉRCIO VAREJISTA DE COMBUSTÍVEIS PARA VEÍCULOS AUTOMOTORES,47,G,COMÉRCIO; REPARAÇÃO DE VEÍCULOS AUTOMOTORES E MOTOCICLETAS
4742300,474,COMÉRCIO VAREJISTA DE MATERIAL DE CONSTRUÇÃO,47,G,COMÉRCIO; REPARAÇÃO DE VEÍCULOS AUTOMOTORES E MOTOCICLETAS
4743100,474,COMÉRCIO VAREJISTA DE MATERIAL DE CONSTRUÇÃO,47,G,COMÉRCIO; REPARAÇÃO DE VEÍCULOS AUTOMOTORES E MOTOCICLETAS
4744001,474,COMÉRCIO VAREJISTA DE MATERIAL DE CONSTRUÇÃO,47,G,COMÉRCIO; REPARAÇÃO DE VEÍCULOS AUTOMOTORES E MOTOCICLETAS
4744002,474,COMÉRCIO VAREJISTA DE MATERIAL DE CONSTRUÇÃO,47,G,COMÉRCIO; REPARAÇÃO DE VEÍCULOS AUTOMOTORES E MOTOCICLETAS
4744003,474,COMÉRCIO VAREJISTA DE MATERIAL DE CONSTRUÇÃO,47,G,COMÉRCIO; REPARAÇÃO DE VEÍCULOS AUTOMOTORES E MOTOCICLETAS
4744004,474,COMÉRCIO VAREJISTA DE MATERIAL DE CONSTRUÇÃO,47,G,COMÉRCIO; REPARAÇÃO DE VEÍCULOS AUTOMOTORES E MOTOCICLETAS
4744005,474,COMÉRCIO VAREJISTA DE MATERIAL DE CONSTRUÇÃO,47,G,COMÉRCIO; REPARAÇÃO DE VEÍCULOS AUTOMOTORES E MOTOCICLETAS
4744006,474,COMÉRCIO VAREJISTA DE MATERIAL DE CONSTRUÇÃO,47,G,COMÉRCIO; REPARAÇÃO DE VEÍCULOS AUTOMOTORES E MOTOCICLETAS
4744099,474,COMÉRCIO VAREJISTA DE MATERIAL DE CONSTRUÇÃO,47,G,COMÉRCIO; REPARAÇÃO DE VEÍCULOS AUTOMOTORES E MOTOCICLETAS
4751201,475,COMÉRCIO VAREJISTA DE EQUIPAMENTOS DE INFORMÁTICA E COMUNICAÇÃO; EQUIPAMENTOS E ARTIGOS DE USO DOMÉSTICO,47,G,COMÉRCIO; REPARAÇÃO DE VEÍCULOS AUTOMOTORES E MOTOCICLETAS
4751202,475,COMÉRCIO VAREJISTA DE EQUIPAMENTOS DE INFORMÁTICA E COMUNICAÇÃO; EQUIPAMENTOS E ARTIGOS DE USO DOMÉSTICO,47,G,COMÉRCIO; REPARAÇÃO DE VEÍCULOS AUTOMOTORES E MOTOCICLETAS
4752100,475,COMÉRCIO VAREJISTA DE EQUIPAMENTOS DE INFORMÁTICA E COMUNICAÇÃO; EQUIPAMENTOS E ARTIGOS DE USO DOMÉSTICO,47,G,COMÉRCIO; REPARAÇÃO DE VEÍCULOS AUTOMOTORES E MOTOCICLETAS
4753900,475,COMÉRCIO VAREJISTA DE EQUIPAMENTOS DE INFORMÁTICA E COMUNICAÇÃO; EQUIPAMENTOS E ARTIGOS DE USO DOMÉSTICO,47,G,COMÉRCIO; REPARAÇÃO DE VEÍCULOS AUTOMOTORES E MOTOCICLETAS
4754701,475,COMÉRCIO VAREJISTA DE EQUIPAMENTOS DE INFORMÁTICA E COMUNICAÇÃO; EQUIPAMENTOS E ARTIGOS DE USO DOMÉSTICO,47,G,COMÉRCIO; REPARAÇÃO DE VEÍCULOS AUTOMOTORES E MOTOCICLETAS
4754702,475,COMÉRCIO VAREJISTA DE EQUIPAMENTOS DE INFORMÁTICA E COMUNICAÇÃO; EQUIPAMENTOS E ARTIGOS DE USO DOMÉSTICO,47,G,COMÉRCIO; REPARAÇÃO DE VEÍCULOS AUTOMOTORES E MOTOCICLETAS
4754703,475,COMÉRCIO VAREJISTA DE EQUIPAMENTOS DE INFORMÁTICA E COMUNICAÇÃO; EQUIPAMENTOS E ARTIGOS DE USO DOMÉSTICO,47,G,COMÉRCIO; REPARAÇÃO DE VEÍCULOS AUTOMOTORES E MOTOCICLETAS
4755501,475,COMÉRCIO VAREJISTA DE EQUIPAMENTOS DE INFORMÁTICA E COMUNICAÇÃO; EQUIPAMENTOS E ARTIGOS DE USO DOMÉSTICO,47,G,COMÉRCIO; REPARAÇÃO DE VEÍCULOS AUTOMOTORES E MOTOCICLETAS
4755502,475,COMÉRCIO VAREJISTA DE EQUIPAMENTOS DE INFORMÁTICA E COMUNICAÇÃO; EQUIPAMENTOS E ARTIGOS DE USO DOMÉSTICO,47,G,COMÉRCIO; REPARAÇÃO DE VEÍCULOS AUTOMOTORES E MOTOCICLETAS
4755503,475,COMÉRCIO VAREJISTA DE EQUIPAMENTOS DE INFORMÁTICA E COMUNICAÇÃO; EQUIPAMENTOS E ARTIGOS DE USO DOMÉSTICO,47,G,COMÉRCIO; REPARAÇÃO DE VEÍCULOS AUTOMOTORES E MOTOCICLETAS
4756300,475,COMÉRCIO VAREJISTA DE EQUIPAMENTOS DE INFORMÁTICA E COMUNICAÇÃO; EQUIPAMENTOS E ARTIGOS DE USO DOMÉSTICO,47,G,COMÉRCIO; REPARAÇÃO DE VEÍCULOS AUTOMOTORES E MOTOCICLETAS
5320201,532,ATIVIDADES DE MALOTE E DE ENTREGA,53,H,"TRANSPORTE, ARMAZENAGEM E CORREIO"
4757100,475,COMÉRCIO VAREJISTA DE EQUIPAMENTOS DE INFORMÁTICA E COMUNICAÇÃO; EQUIPAMENTOS E ARTIGOS DE USO DOMÉSTICO,47,G,COMÉRCIO; REPARAÇÃO DE VEÍCULOS AUTOMOTORES E MOTOCICLETAS
4759801,475,COMÉRCIO VAREJISTA DE EQUIPAMENTOS DE INFORMÁTICA E COMUNICAÇÃO; EQUIPAMENTOS E ARTIGOS DE USO DOMÉSTICO,47,G,COMÉRCIO; REPARAÇÃO DE VEÍCULOS AUTOMOTORES E MOTOCICLETAS
4759899,475,COMÉRCIO VAREJISTA DE EQUIPAMENTOS DE INFORMÁTICA E COMUNICAÇÃO; EQUIPAMENTOS E ARTIGOS DE USO DOMÉSTICO,47,G,COMÉRCIO; REPARAÇÃO DE VEÍCULOS AUTOMOTORES E MOTOCICLETAS
4761001,476,"COMÉRCIO VAREJISTA DE ARTIGOS CULTURAIS, RECREATIVOS E ESPORTIVOS",47,G,COMÉRCIO; REPARAÇÃO DE VEÍCULOS AUTOMOTORES E MOTOCICLETAS
4761002,476,"COMÉRCIO VAREJISTA DE ARTIGOS CULTURAIS, RECREATIVOS E ESPORTIVOS",47,G,COMÉRCIO; REPARAÇÃO DE VEÍCULOS AUTOMOTORES E MOTOCICLETAS
4761003,476,"COMÉRCIO VAREJISTA DE ARTIGOS CULTURAIS, RECREATIVOS E ESPORTIVOS",47,G,COMÉRCIO; REPARAÇÃO DE VEÍCULOS AUTOMOTORES E MOTOCICLETAS
4762800,476,"COMÉRCIO VAREJISTA DE ARTIGOS CULTURAIS, RECREATIVOS E ESPORTIVOS",47,G,COMÉRCIO; REPARAÇÃO DE VEÍCULOS AUTOMOTORES E MOTOCICLETAS
4763601,476,"COMÉRCIO VAREJISTA DE ARTIGOS CULTURAIS, RECREATIVOS E ESPORTIVOS",47,G,COMÉRCIO; REPARAÇÃO DE VEÍCULOS AUTOMOTORES E MOTOCICLETAS
4763602,476,"COMÉRCIO VAREJISTA DE ARTIGOS CULTURAIS, RECREATIVOS E ESPORTIVOS",47,G,COMÉRCIO; REPARAÇÃO DE VEÍCULOS AUTOMOTORES E MOTOCICLETAS
4763605,476,"COMÉRCIO VAREJISTA DE ARTIGOS CULTURAIS, RECREATIVOS E ESPORTIVOS",47,G,COMÉRCIO; REPARAÇÃO DE VEÍCULOS AUTOMOTORES E MOTOCICLETAS
4771701,477,"COMÉRCIO VAREJISTA DE PRODUTOS FARMACÊUTICOS, PERFUMARIA E COSMÉTICOS E ARTIGOS MÉDICOS, ÓPTICOS E ORTOPÉDICOS",47,G,COMÉRCIO; REPARAÇÃO DE VEÍCULOS AUTOMOTORES E MOTOCICLETAS
4771702,477,"COMÉRCIO VAREJISTA DE PRODUTOS FARMACÊUTICOS, PERFUMARIA E COSMÉTICOS E ARTIGOS MÉDICOS, ÓPTICOS E ORTOPÉDICOS",47,G,COMÉRCIO; REPARAÇÃO DE VEÍCULOS AUTOMOTORES E MOTOCICLETAS
4771703,477,"COMÉRCIO VAREJISTA DE PRODUTOS FARMACÊUTICOS, PERFUMARIA E COSMÉTICOS E ARTIGOS MÉDICOS, ÓPTICOS E ORTOPÉDICOS",47,G,COMÉRCIO; REPARAÇÃO DE VEÍCULOS AUTOMOTORES E MOTOCICLETAS
4771704,477,"COMÉRCIO VAREJISTA DE PRODUTOS FARMACÊUTICOS, PERFUMARIA E COSMÉTICOS E ARTIGOS MÉDICOS, ÓPTICOS E ORTOPÉDICOS",47,G,COMÉRCIO; REPARAÇÃO DE VEÍCULOS AUTOMOTORES E MOTOCICLETAS
4772500,477,"COMÉRCIO VAREJISTA DE PRODUTOS FARMACÊUTICOS, PERFUMARIA E COSMÉTICOS E ARTIGOS MÉDICOS, ÓPTICOS E ORTOPÉDICOS",47,G,COMÉRCIO; REPARAÇÃO DE VEÍCULOS AUTOMOTORES E MOTOCICLETAS
4773300,477,"COMÉRCIO VAREJISTA DE PRODUTOS FARMACÊUTICOS, PERFUMARIA E COSMÉTICOS E ARTIGOS MÉDICOS, ÓPTICOS E ORTOPÉDICOS",47,G,COMÉRCIO; REPARAÇÃO DE VEÍCULOS AUTOMOTORES E MOTOCICLETAS
4781400,478,COMÉRCIO VAREJISTA DE PRODUTOS NOVOS NÃO ESPECIFICADOS ANTERIORMENTE E DE PRODUTOS USADOS,47,G,COMÉRCIO; REPARAÇÃO DE VEÍCULOS AUTOMOTORES E MOTOCICLETAS
4782201,478,COMÉRCIO VAREJISTA DE PRODUTOS NOVOS NÃO ESPECIFICADOS ANTERIORMENTE E DE PRODUTOS USADOS,47,G,COMÉRCIO; REPARAÇÃO DE VEÍCULOS AUTOMOTORES E MOTOCICLETAS
4782202,478,COMÉRCIO VAREJISTA DE PRODUTOS NOVOS NÃO ESPECIFICADOS ANTERIORMENTE E DE PRODUTOS USADOS,47,G,COMÉRCIO; REPARAÇÃO DE VEÍCULOS AUTOMOTORES E MOTOCICLETAS
4783101,478,COMÉRCIO VAREJISTA DE PRODUTOS NOVOS NÃO ESPECIFICADOS ANTERIORMENTE E DE PRODUTOS USADOS,47,G,COMÉRCIO; REPARAÇÃO DE VEÍCULOS AUTOMOTORES E MOTOCICLETAS
4783102,478,COMÉRCIO VAREJISTA DE PRODUTOS NOVOS NÃO ESPECIFICADOS ANTERIORMENTE E DE PRODUTOS USADOS,47,G,COMÉRCIO; REPARAÇÃO DE VEÍCULOS AUTOMOTORES E MOTOCICLETAS
4784900,478,COMÉRCIO VAREJISTA DE PRODUTOS NOVOS NÃO ESPECIFICADOS ANTERIORMENTE E DE PRODUTOS USADOS,47,G,COMÉRCIO; REPARAÇÃO DE VEÍCULOS AUTOMOTORES E MOTOCICLETAS
4785701,478,COMÉRCIO VAREJISTA DE PRODUTOS NOVOS NÃO ESPECIFICADOS ANTERIORMENTE E DE PRODUTOS USADOS,47,G,COMÉRCIO; REPARAÇÃO DE VEÍCULOS AUTOMOTORES E MOTOCICLETAS
4785799,478,COMÉRCIO VAREJISTA DE PRODUTOS NOVOS NÃO ESPECIFICADOS ANTERIORMENTE E DE PRODUTOS USADOS,47,G,COMÉRCIO; REPARAÇÃO DE VEÍCULOS AUTOMOTORES E MOTOCICLETAS
4789001,478,COMÉRCIO VAREJISTA DE PRODUTOS NOVOS NÃO ESPECIFICADOS ANTERIORMENTE E DE PRODUTOS USADOS,47,G,COMÉRCIO; REPARAÇÃO DE VEÍCULOS AUTOMOTORES E MOTOCICLETAS
4789002,478,COMÉRCIO VAREJISTA DE PRODUTOS NOVOS NÃO ESPECIFICADOS ANTERIORMENTE E DE PRODUTOS USADOS,47,G,COMÉRCIO; REPARAÇÃO DE VEÍCULOS AUTOMOTORES E MOTOCICLETAS
4789003,478,COMÉRCIO VAREJISTA DE PRODUTOS NOVOS NÃO ESPECIFICADOS ANTERIORMENTE E DE PRODUTOS USADOS,47,G,COMÉRCIO; REPARAÇÃO DE VEÍCULOS AUTOMOTORES E MOTOCICLETAS
4789004,478,COMÉRCIO VAREJISTA DE PRODUTOS NOVOS NÃO ESPECIFICADOS ANTERIORMENTE E DE PRODUTOS USADOS,47,G,COMÉRCIO; REPARAÇÃO DE VEÍCULOS AUTOMOTORES E MOTOCICLETAS
4789005,478,COMÉRCIO VAREJISTA DE PRODUTOS NOVOS NÃO ESPECIFICADOS ANTERIORMENTE E DE PRODUTOS USADOS,47,G,COMÉRCIO; REPARAÇÃO DE VEÍCULOS AUTOMOTORES E MOTOCICLETAS
4789006,478,COMÉRCIO VAREJISTA DE PRODUTOS NOVOS NÃO ESPECIFICADOS ANTERIORMENTE E DE PRODUTOS USADOS,47,G,COMÉRCIO; REPARAÇÃO DE VEÍCULOS AUTOMOTORES E MOTOCICLETAS
4789007,478,COMÉRCIO VAREJISTA DE PRODUTOS NOVOS NÃO ESPECIFICADOS ANTERIORMENTE E DE PRODUTOS USADOS,47,G,COMÉRCIO; REPARAÇÃO DE VEÍCULOS AUTOMOTORES E MOTOCICLETAS
4789008,478,COMÉRCIO VAREJISTA DE PRODUTOS NOVOS NÃO ESPECIFICADOS ANTERIORMENTE E DE PRODUTOS USADOS,47,G,COMÉRCIO; REPARAÇÃO DE VEÍCULOS AUTOMOTORES E MOTOCICLETAS
4789009,478,COMÉRCIO VAREJISTA DE PRODUTOS NOVOS NÃO ESPECIFICADOS ANTERIORMENTE E DE PRODUTOS USADOS,47,G,COMÉRCIO; REPARAÇÃO DE VEÍCULOS AUTOMOTORES E MOTOCICLETAS
4789099,478,COMÉRCIO VAREJISTA DE PRODUTOS NOVOS NÃO ESPECIFICADOS ANTERIORMENTE E DE PRODUTOS USADOS,47,G,COMÉRCIO; REPARAÇÃO DE VEÍCULOS AUTOMOTORES E MOTOCICLETAS
4911600,491,TRANSPORTE FERROVIÁRIO E METROFERROVIÁRIO,49,H,"TRANSPORTE, ARMAZENAGEM E CORREIO"
4912401,491,TRANSPORTE FERROVIÁRIO E METROFERROVIÁRIO,49,H,"TRANSPORTE, ARMAZENAGEM E CORREIO"
4912402,491,TRANSPORTE FERROVIÁRIO E METROFERROVIÁRIO,49,H,"TRANSPORTE, ARMAZENAGEM E CORREIO"
4912403,491,TRANSPORTE FERROVIÁRIO E METROFERROVIÁRIO,49,H,"TRANSPORTE, ARMAZENAGEM E CORREIO"
4921301,492,TRANSPORTE RODOVIÁRIO DE PASSAGEIROS,49,H,"TRANSPORTE, ARMAZENAGEM E CORREIO"
4921302,492,TRANSPORTE RODOVIÁRIO DE PASSAGEIROS,49,H,"TRANSPORTE, ARMAZENAGEM E CORREIO"
4922101,492,TRANSPORTE RODOVIÁRIO DE PASSAGEIROS,49,H,"TRANSPORTE, ARMAZENAGEM E CORREIO"
4922102,492,TRANSPORTE RODOVIÁRIO DE PASSAGEIROS,49,H,"TRANSPORTE, ARMAZENAGEM E CORREIO"
4922103,492,TRANSPORTE RODOVIÁRIO DE PASSAGEIROS,49,H,"TRANSPORTE, ARMAZENAGEM E CORREIO"
4923001,492,TRANSPORTE RODOVIÁRIO DE PASSAGEIROS,49,H,"TRANSPORTE, ARMAZENAGEM E CORREIO"
4923002,492,TRANSPORTE RODOVIÁRIO DE PASSAGEIROS,49,H,"TRANSPORTE, ARMAZENAGEM E CORREIO"
4929901,492,TRANSPORTE RODOVIÁRIO DE PASSAGEIROS,49,H,"TRANSPORTE, ARMAZENAGEM E CORREIO"
4929903,492,TRANSPORTE RODOVIÁRIO DE PASSAGEIROS,49,H,"TRANSPORTE, ARMAZENAGEM E CORREIO"
4929904,492,TRANSPORTE RODOVIÁRIO DE PASSAGEIROS,49,H,"TRANSPORTE, ARMAZENAGEM E CORREIO"
4929999,492,TRANSPORTE RODOVIÁRIO DE PASSAGEIROS,49,H,"TRANSPORTE, ARMAZENAGEM E CORREIO"
4930201,493,TRANSPORTE RODOVIÁRIO DE CARGA,49,H,"TRANSPORTE, ARMAZENAGEM E CORREIO"
4930202,493,TRANSPORTE RODOVIÁRIO DE CARGA,49,H,"TRANSPORTE, ARMAZENAGEM E CORREIO"
4930203,493,TRANSPORTE RODOVIÁRIO DE CARGA,49,H,"TRANSPORTE, ARMAZENAGEM E CORREIO"
4930204,493,TRANSPORTE RODOVIÁRIO DE CARGA,49,H,"TRANSPORTE, ARMAZENAGEM E CORREIO"
4940000,494,TRANSPORTE DUTOVIÁRIO,49,H,"TRANSPORTE, ARMAZENAGEM E CORREIO"
4950700,495,"TRENS TURÍSTICOS, TELEFÉRICOS E SIMILARES",49,H,"TRANSPORTE, ARMAZENAGEM E CORREIO"
5011401,501,TRANSPORTE MARÍTIMO DE CABOTAGEM E LONGO CURSO,50,H,"TRANSPORTE, ARMAZENAGEM E CORREIO"
5011402,501,TRANSPORTE MARÍTIMO DE CABOTAGEM E LONGO CURSO,50,H,"TRANSPORTE, ARMAZENAGEM E CORREIO"
5012201,501,TRANSPORTE MARÍTIMO DE CABOTAGEM E LONGO CURSO,50,H,"TRANSPORTE, ARMAZENAGEM E CORREIO"
5012202,501,TRANSPORTE MARÍTIMO DE CABOTAGEM E LONGO CURSO,50,H,"TRANSPORTE, ARMAZENAGEM E CORREIO"
6612602,661,ATIVIDADES AUXILIARES DOS SERVIÇOS FINANCEIROS,66,K,"ATIVIDADES FINANCEIRAS, DE SEGUROS E SERVIÇOS RELACIONADOS"
5021101,502,TRANSPORTE POR NAVEGAÇÃO INTERIOR,50,H,"TRANSPORTE, ARMAZENAGEM E CORREIO"
5021102,502,TRANSPORTE POR NAVEGAÇÃO INTERIOR,50,H,"TRANSPORTE, ARMAZENAGEM E CORREIO"
5022001,502,TRANSPORTE POR NAVEGAÇÃO INTERIOR,50,H,"TRANSPORTE, ARMAZENAGEM E CORREIO"
5022002,502,TRANSPORTE POR NAVEGAÇÃO INTERIOR,50,H,"TRANSPORTE, ARMAZENAGEM E CORREIO"
5030101,503,NAVEGAÇÃO DE APOIO,50,H,"TRANSPORTE, ARMAZENAGEM E CORREIO"
5030102,503,NAVEGAÇÃO DE APOIO,50,H,"TRANSPORTE, ARMAZENAGEM E CORREIO"
5030103,503,NAVEGAÇÃO DE APOIO,50,H,"TRANSPORTE, ARMAZENAGEM E CORREIO"
5091201,509,OUTROS TRANSPORTES AQUAVIÁRIOS,50,H,"TRANSPORTE, ARMAZENAGEM E CORREIO"
5091202,509,OUTROS TRANSPORTES AQUAVIÁRIOS,50,H,"TRANSPORTE, ARMAZENAGEM E CORREIO"
5099801,509,OUTROS TRANSPORTES AQUAVIÁRIOS,50,H,"TRANSPORTE, ARMAZENAGEM E CORREIO"
5099899,509,OUTROS TRANSPORTES AQUAVIÁRIOS,50,H,"TRANSPORTE, ARMAZENAGEM E CORREIO"
5111100,511,TRANSPORTE AÉREO DE PASSAGEIROS,51,H,"TRANSPORTE, ARMAZENAGEM E CORREIO"
5112901,511,TRANSPORTE AÉREO DE PASSAGEIROS,51,H,"TRANSPORTE, ARMAZENAGEM E CORREIO"
5112999,511,TRANSPORTE AÉREO DE PASSAGEIROS,51,H,"TRANSPORTE, ARMAZENAGEM E CORREIO"
5120000,512,TRANSPORTE AÉREO DE CARGA,51,H,"TRANSPORTE, ARMAZENAGEM E CORREIO"
5130700,513,TRANSPORTE ESPACIAL,51,H,"TRANSPORTE, ARMAZENAGEM E CORREIO"
5211701,521,"ARMAZENAMENTO, CARGA E DESCARGA",52,H,"TRANSPORTE, ARMAZENAGEM E CORREIO"
5211702,521,"ARMAZENAMENTO, CARGA E DESCARGA",52,H,"TRANSPORTE, ARMAZENAGEM E CORREIO"
6612603,661,ATIVIDADES AUXILIARES DOS SERVIÇOS FINANCEIROS,66,K,"ATIVIDADES FINANCEIRAS, DE SEGUROS E SERVIÇOS RELACIONADOS"
5211799,521,"ARMAZENAMENTO, CARGA E DESCARGA",52,H,"TRANSPORTE, ARMAZENAGEM E CORREIO"
5212500,521,"ARMAZENAMENTO, CARGA E DESCARGA",52,H,"TRANSPORTE, ARMAZENAGEM E CORREIO"
5221400,522,ATIVIDADES AUXILIARES DOS TRANSPORTES TERRESTRES,52,H,"TRANSPORTE, ARMAZENAGEM E CORREIO"
5222200,522,ATIVIDADES AUXILIARES DOS TRANSPORTES TERRESTRES,52,H,"TRANSPORTE, ARMAZENAGEM E CORREIO"
5223100,522,ATIVIDADES AUXILIARES DOS TRANSPORTES TERRESTRES,52,H,"TRANSPORTE, ARMAZENAGEM E CORREIO"
5229001,522,ATIVIDADES AUXILIARES DOS TRANSPORTES TERRESTRES,52,H,"TRANSPORTE, ARMAZENAGEM E CORREIO"
5229002,522,ATIVIDADES AUXILIARES DOS TRANSPORTES TERRESTRES,52,H,"TRANSPORTE, ARMAZENAGEM E CORREIO"
8650006,865,"ATIVIDADES DE PROFISSIONAIS DA ÁREA DE SAÚDE, EXCETO MÉDICOS E ODONTÓLOGOS",86,Q,SAÚDE HUMANA E SERVIÇOS SOCIAIS
5229099,522,ATIVIDADES AUXILIARES DOS TRANSPORTES TERRESTRES,52,H,"TRANSPORTE, ARMAZENAGEM E CORREIO"
5231101,523,ATIVIDADES AUXILIARES DOS TRANSPORTES AQUAVIÁRIOS,52,H,"TRANSPORTE, ARMAZENAGEM E CORREIO"
5231102,523,ATIVIDADES AUXILIARES DOS TRANSPORTES AQUAVIÁRIOS,52,H,"TRANSPORTE, ARMAZENAGEM E CORREIO"
5231103,523,ATIVIDADES AUXILIARES DOS TRANSPORTES AQUAVIÁRIOS,52,H,"TRANSPORTE, ARMAZENAGEM E CORREIO"
5232000,523,ATIVIDADES AUXILIARES DOS TRANSPORTES AQUAVIÁRIOS,52,H,"TRANSPORTE, ARMAZENAGEM E CORREIO"
5239701,523,ATIVIDADES AUXILIARES DOS TRANSPORTES AQUAVIÁRIOS,52,H,"TRANSPORTE, ARMAZENAGEM E CORREIO"
5239799,523,ATIVIDADES AUXILIARES DOS TRANSPORTES AQUAVIÁRIOS,52,H,"TRANSPORTE, ARMAZENAGEM E CORREIO"
5240101,524,ATIVIDADES AUXILIARES DOS TRANSPORTES AÉREOS,52,H,"TRANSPORTE, ARMAZENAGEM E CORREIO"
5620101,562,"SERVIÇOS DE CATERING, BUFÊ E OUTROS SERVIÇOS DE COMIDA PREPARADA",56,I,ALOJAMENTO E ALIMENTAÇÃO
5620103,562,"SERVIÇOS DE CATERING, BUFÊ E OUTROS SERVIÇOS DE COMIDA PREPARADA",56,I,ALOJAMENTO E ALIMENTAÇÃO
5620104,562,"SERVIÇOS DE CATERING, BUFÊ E OUTROS SERVIÇOS DE COMIDA PREPARADA",56,I,ALOJAMENTO E ALIMENTAÇÃO
5240199,524,ATIVIDADES AUXILIARES DOS TRANSPORTES AÉREOS,52,H,"TRANSPORTE, ARMAZENAGEM E CORREIO"
5250801,525,ATIVIDADES RELACIONADAS À ORGANIZAÇÃO DO TRANSPORTE DE CARGA,52,H,"TRANSPORTE, ARMAZENAGEM E CORREIO"
5250802,525,ATIVIDADES RELACIONADAS À ORGANIZAÇÃO DO TRANSPORTE DE CARGA,52,H,"TRANSPORTE, ARMAZENAGEM E CORREIO"
5250803,525,ATIVIDADES RELACIONADAS À ORGANIZAÇÃO DO TRANSPORTE DE CARGA,52,H,"TRANSPORTE, ARMAZENAGEM E CORREIO"
5250804,525,ATIVIDADES RELACIONADAS À ORGANIZAÇÃO DO TRANSPORTE DE CARGA,52,H,"TRANSPORTE, ARMAZENAGEM E CORREIO"
5250805,525,ATIVIDADES RELACIONADAS À ORGANIZAÇÃO DO TRANSPORTE DE CARGA,52,H,"TRANSPORTE, ARMAZENAGEM E CORREIO"
5310501,531,ATIVIDADES DE CORREIO,53,H,"TRANSPORTE, ARMAZENAGEM E CORREIO"
5310502,531,ATIVIDADES DE CORREIO,53,H,"TRANSPORTE, ARMAZENAGEM E CORREIO"
5320202,532,ATIVIDADES DE MALOTE E DE ENTREGA,53,H,"TRANSPORTE, ARMAZENAGEM E CORREIO"
5510801,551,HOTÉIS E SIMILARES,55,I,ALOJAMENTO E ALIMENTAÇÃO
5510802,551,HOTÉIS E SIMILARES,55,I,ALOJAMENTO E ALIMENTAÇÃO
5510803,551,HOTÉIS E SIMILARES,55,I,ALOJAMENTO E ALIMENTAÇÃO
5590601,559,OUTROS TIPOS DE ALOJAMENTO NÃO ESPECIFICADOS ANTERIORMENTE,55,I,ALOJAMENTO E ALIMENTAÇÃO
5590602,559,OUTROS TIPOS DE ALOJAMENTO NÃO ESPECIFICADOS ANTERIORMENTE,55,I,ALOJAMENTO E ALIMENTAÇÃO
5590603,559,OUTROS TIPOS DE ALOJAMENTO NÃO ESPECIFICADOS ANTERIORMENTE,55,I,ALOJAMENTO E ALIMENTAÇÃO
5590699,559,OUTROS TIPOS DE ALOJAMENTO NÃO ESPECIFICADOS ANTERIORMENTE,55,I,ALOJAMENTO E ALIMENTAÇÃO
5611201,561,RESTAURANTES E OUTROS SERVIÇOS DE ALIMENTAÇÃO E BEBIDAS,56,I,ALOJAMENTO E ALIMENTAÇÃO
5611203,561,RESTAURANTES E OUTROS SERVIÇOS DE ALIMENTAÇÃO E BEBIDAS,56,I,ALOJAMENTO E ALIMENTAÇÃO
5612100,561,RESTAURANTES E OUTROS SERVIÇOS DE ALIMENTAÇÃO E BEBIDAS,56,I,ALOJAMENTO E ALIMENTAÇÃO
5811500,581,"EDIÇÃO DE LIVROS, JORNAIS, REVISTAS E OUTRAS ATIVIDADES DE EDIÇÃO",58,J,INFORMAÇÃO E COMUNICAÇÃO
5812301,581,"EDIÇÃO DE LIVROS, JORNAIS, REVISTAS E OUTRAS ATIVIDADES DE EDIÇÃO",58,J,INFORMAÇÃO E COMUNICAÇÃO
5812302,581,"EDIÇÃO DE LIVROS, JORNAIS, REVISTAS E OUTRAS ATIVIDADES DE EDIÇÃO",58,J,INFORMAÇÃO E COMUNICAÇÃO
5813100,581,"EDIÇÃO DE LIVROS, JORNAIS, REVISTAS E OUTRAS ATIVIDADES DE EDIÇÃO",58,J,INFORMAÇÃO E COMUNICAÇÃO
6201502,620,ATIVIDADES DOS SERVIÇOS DE TECNOLOGIA DA INFORMAÇÃO,62,J,INFORMAÇÃO E COMUNICAÇÃO
5819100,581,"EDIÇÃO DE LIVROS, JORNAIS, REVISTAS E OUTRAS ATIVIDADES DE EDIÇÃO",58,J,INFORMAÇÃO E COMUNICAÇÃO
5821200,582,"EDIÇÃO INTEGRADA À IMPRESSÃO DE LIVROS, JORNAIS, REVISTAS E OUTRAS PUBLICAÇÕES",58,J,INFORMAÇÃO E COMUNICAÇÃO
5822101,582,"EDIÇÃO INTEGRADA À IMPRESSÃO DE LIVROS, JORNAIS, REVISTAS E OUTRAS PUBLICAÇÕES",58,J,INFORMAÇÃO E COMUNICAÇÃO
5822102,582,"EDIÇÃO INTEGRADA À IMPRESSÃO DE LIVROS, JORNAIS, REVISTAS E OUTRAS PUBLICAÇÕES",58,J,INFORMAÇÃO E COMUNICAÇÃO
5823900,582,"EDIÇÃO INTEGRADA À IMPRESSÃO DE LIVROS, JORNAIS, REVISTAS E OUTRAS PUBLICAÇÕES",58,J,INFORMAÇÃO E COMUNICAÇÃO
5829800,582,"EDIÇÃO INTEGRADA À IMPRESSÃO DE LIVROS, JORNAIS, REVISTAS E OUTRAS PUBLICAÇÕES",58,J,INFORMAÇÃO E COMUNICAÇÃO
6110803,611,TELECOMUNICAÇÕES POR FIO,61,J,INFORMAÇÃO E COMUNICAÇÃO
6120501,612,TELECOMUNICAÇÕES SEM FIO,61,J,INFORMAÇÃO E COMUNICAÇÃO
5911101,591,"ATIVIDADES CINEMATOGRÁFICAS, PRODUÇÃO DE VÍDEOS E DE PROGRAMAS DE TELEVISÃO",59,J,INFORMAÇÃO E COMUNICAÇÃO
5911102,591,"ATIVIDADES CINEMATOGRÁFICAS, PRODUÇÃO DE VÍDEOS E DE PROGRAMAS DE TELEVISÃO",59,J,INFORMAÇÃO E COMUNICAÇÃO
5911199,591,"ATIVIDADES CINEMATOGRÁFICAS, PRODUÇÃO DE VÍDEOS E DE PROGRAMAS DE TELEVISÃO",59,J,INFORMAÇÃO E COMUNICAÇÃO
5912001,591,"ATIVIDADES CINEMATOGRÁFICAS, PRODUÇÃO DE VÍDEOS E DE PROGRAMAS DE TELEVISÃO",59,J,INFORMAÇÃO E COMUNICAÇÃO
5912002,591,"ATIVIDADES CINEMATOGRÁFICAS, PRODUÇÃO DE VÍDEOS E DE PROGRAMAS DE TELEVISÃO",59,J,INFORMAÇÃO E COMUNICAÇÃO
7220700,722,PESQUISA E DESENVOLVIMENTO EXPERIMENTAL EM CIÊNCIAS SOCIAIS E HUMANAS,72,M,"ATIVIDADES PROFISSIONAIS, CIENTÍFICAS E TÉCNICAS"
5912099,591,"ATIVIDADES CINEMATOGRÁFICAS, PRODUÇÃO DE VÍDEOS E DE PROGRAMAS DE TELEVISÃO",59,J,INFORMAÇÃO E COMUNICAÇÃO
5913800,591,"ATIVIDADES CINEMATOGRÁFICAS, PRODUÇÃO DE VÍDEOS E DE PROGRAMAS DE TELEVISÃO",59,J,INFORMAÇÃO E COMUNICAÇÃO
5914600,591,"ATIVIDADES CINEMATOGRÁFICAS, PRODUÇÃO DE VÍDEOS E DE PROGRAMAS DE TELEVISÃO",59,J,INFORMAÇÃO E COMUNICAÇÃO
6110899,611,TELECOMUNICAÇÕES POR FIO,61,J,INFORMAÇÃO E COMUNICAÇÃO
6550200,655,PLANOS DE SAÚDE,65,K,"ATIVIDADES FINANCEIRAS, DE SEGUROS E SERVIÇOS RELACIONADOS"
5920100,592,ATIVIDADES DE GRAVAÇÃO DE SOM E DE EDIÇÃO DE MÚSICA,59,J,INFORMAÇÃO E COMUNICAÇÃO
6010100,601,ATIVIDADES DE RÁDIO,60,J,INFORMAÇÃO E COMUNICAÇÃO
6021700,602,ATIVIDADES DE TELEVISÃO,60,J,INFORMAÇÃO E COMUNICAÇÃO
6022501,602,ATIVIDADES DE TELEVISÃO,60,J,INFORMAÇÃO E COMUNICAÇÃO
6022502,602,ATIVIDADES DE TELEVISÃO,60,J,INFORMAÇÃO E COMUNICAÇÃO
6462000,646,ATIVIDADES DE SOCIEDADES DE PARTICIPAÇÃO,64,K,"ATIVIDADES FINANCEIRAS, DE SEGUROS E SERVIÇOS RELACIONADOS"
6110801,611,TELECOMUNICAÇÕES POR FIO,61,J,INFORMAÇÃO E COMUNICAÇÃO
6110802,611,TELECOMUNICAÇÕES POR FIO,61,J,INFORMAÇÃO E COMUNICAÇÃO
6612604,661,ATIVIDADES AUXILIARES DOS SERVIÇOS FINANCEIROS,66,K,"ATIVIDADES FINANCEIRAS, DE SEGUROS E SERVIÇOS RELACIONADOS"
6120502,612,TELECOMUNICAÇÕES SEM FIO,61,J,INFORMAÇÃO E COMUNICAÇÃO
6120599,612,TELECOMUNICAÇÕES SEM FIO,61,J,INFORMAÇÃO E COMUNICAÇÃO
6201501,620,ATIVIDADES DOS SERVIÇOS DE TECNOLOGIA DA INFORMAÇÃO,62,J,INFORMAÇÃO E COMUNICAÇÃO
6130200,613,TELECOMUNICAÇÕES POR SATÉLITE,61,J,INFORMAÇÃO E COMUNICAÇÃO
6141800,614,OPERADORAS DE TELEVISÃO POR ASSINATURA,61,J,INFORMAÇÃO E COMUNICAÇÃO
6470102,647,FUNDOS DE INVESTIMENTO,64,K,"ATIVIDADES FINANCEIRAS, DE SEGUROS E SERVIÇOS RELACIONADOS"
6142600,614,OPERADORAS DE TELEVISÃO POR ASSINATURA,61,J,INFORMAÇÃO E COMUNICAÇÃO
6143400,614,OPERADORAS DE TELEVISÃO POR ASSINATURA,61,J,INFORMAÇÃO E COMUNICAÇÃO
6190601,619,OUTRAS ATIVIDADES DE TELECOMUNICAÇÕES,61,J,INFORMAÇÃO E COMUNICAÇÃO
6190602,619,OUTRAS ATIVIDADES DE TELECOMUNICAÇÕES,61,J,INFORMAÇÃO E COMUNICAÇÃO
6190699,619,OUTRAS ATIVIDADES DE TELECOMUNICAÇÕES,61,J,INFORMAÇÃO E COMUNICAÇÃO
6619304,661,ATIVIDADES AUXILIARES DOS SERVIÇOS FINANCEIROS,66,K,"ATIVIDADES FINANCEIRAS, DE SEGUROS E SERVIÇOS RELACIONADOS"
6619305,661,ATIVIDADES AUXILIARES DOS SERVIÇOS FINANCEIROS,66,K,"ATIVIDADES FINANCEIRAS, DE SEGUROS E SERVIÇOS RELACIONADOS"
6202300,620,ATIVIDADES DOS SERVIÇOS DE TECNOLOGIA DA INFORMAÇÃO,62,J,INFORMAÇÃO E COMUNICAÇÃO
6203100,620,ATIVIDADES DOS SERVIÇOS DE TECNOLOGIA DA INFORMAÇÃO,62,J,INFORMAÇÃO E COMUNICAÇÃO
6470103,647,FUNDOS DE INVESTIMENTO,64,K,"ATIVIDADES FINANCEIRAS, DE SEGUROS E SERVIÇOS RELACIONADOS"
6422100,642,INTERMEDIAÇÃO MONETÁRIA - DEPÓSITOS À VISTA,64,K,"ATIVIDADES FINANCEIRAS, DE SEGUROS E SERVIÇOS RELACIONADOS"
6204000,620,ATIVIDADES DOS SERVIÇOS DE TECNOLOGIA DA INFORMAÇÃO,62,J,INFORMAÇÃO E COMUNICAÇÃO
6209100,620,ATIVIDADES DOS SERVIÇOS DE TECNOLOGIA DA INFORMAÇÃO,62,J,INFORMAÇÃO E COMUNICAÇÃO
6311900,631,"TRATAMENTO DE DADOS, HOSPEDAGEM NA INTERNET E OUTRAS ATIVIDADES RELACIONADAS",63,J,INFORMAÇÃO E COMUNICAÇÃO
6391700,639,OUTRAS ATIVIDADES DE PRESTAÇÃO DE SERVIÇOS DE INFORMAÇÃO,63,J,INFORMAÇÃO E COMUNICAÇÃO
6399200,639,OUTRAS ATIVIDADES DE PRESTAÇÃO DE SERVIÇOS DE INFORMAÇÃO,63,J,INFORMAÇÃO E COMUNICAÇÃO
6410700,641,BANCO CENTRAL,64,K,"ATIVIDADES FINANCEIRAS, DE SEGUROS E SERVIÇOS RELACIONADOS"
6421200,642,INTERMEDIAÇÃO MONETÁRIA - DEPÓSITOS À VISTA,64,K,"ATIVIDADES FINANCEIRAS, DE SEGUROS E SERVIÇOS RELACIONADOS"
6611801,661,ATIVIDADES AUXILIARES DOS SERVIÇOS FINANCEIROS,66,K,"ATIVIDADES FINANCEIRAS, DE SEGUROS E SERVIÇOS RELACIONADOS"
6423900,642,INTERMEDIAÇÃO MONETÁRIA - DEPÓSITOS À VISTA,64,K,"ATIVIDADES FINANCEIRAS, DE SEGUROS E SERVIÇOS RELACIONADOS"
6424701,642,INTERMEDIAÇÃO MONETÁRIA - DEPÓSITOS À VISTA,64,K,"ATIVIDADES FINANCEIRAS, DE SEGUROS E SERVIÇOS RELACIONADOS"
6424702,642,INTERMEDIAÇÃO MONETÁRIA - DEPÓSITOS À VISTA,64,K,"ATIVIDADES FINANCEIRAS, DE SEGUROS E SERVIÇOS RELACIONADOS"
6424703,642,INTERMEDIAÇÃO MONETÁRIA - DEPÓSITOS À VISTA,64,K,"ATIVIDADES FINANCEIRAS, DE SEGUROS E SERVIÇOS RELACIONADOS"
6424704,642,INTERMEDIAÇÃO MONETÁRIA - DEPÓSITOS À VISTA,64,K,"ATIVIDADES FINANCEIRAS, DE SEGUROS E SERVIÇOS RELACIONADOS"
6431000,643,INTERMEDIAÇÃO NÃO-MONETÁRIA - OUTROS INSTRUMENTOS DE CAPTAÇÃO,64,K,"ATIVIDADES FINANCEIRAS, DE SEGUROS E SERVIÇOS RELACIONADOS"
6432800,643,INTERMEDIAÇÃO NÃO-MONETÁRIA - OUTROS INSTRUMENTOS DE CAPTAÇÃO,64,K,"ATIVIDADES FINANCEIRAS, DE SEGUROS E SERVIÇOS RELACIONADOS"
6619399,661,ATIVIDADES AUXILIARES DOS SERVIÇOS FINANCEIROS,66,K,"ATIVIDADES FINANCEIRAS, DE SEGUROS E SERVIÇOS RELACIONADOS"
6433600,643,INTERMEDIAÇÃO NÃO-MONETÁRIA - OUTROS INSTRUMENTOS DE CAPTAÇÃO,64,K,"ATIVIDADES FINANCEIRAS, DE SEGUROS E SERVIÇOS RELACIONADOS"
6491300,649,ATIVIDADES DE SERVIÇOS FINANCEIROS NÃO ESPECIFICADAS ANTERIORMENTE,64,K,"ATIVIDADES FINANCEIRAS, DE SEGUROS E SERVIÇOS RELACIONADOS"
6434400,643,INTERMEDIAÇÃO NÃO-MONETÁRIA - OUTROS INSTRUMENTOS DE CAPTAÇÃO,64,K,"ATIVIDADES FINANCEIRAS, DE SEGUROS E SERVIÇOS RELACIONADOS"
6435201,643,INTERMEDIAÇÃO NÃO-MONETÁRIA - OUTROS INSTRUMENTOS DE CAPTAÇÃO,64,K,"ATIVIDADES FINANCEIRAS, DE SEGUROS E SERVIÇOS RELACIONADOS"
6435202,643,INTERMEDIAÇÃO NÃO-MONETÁRIA - OUTROS INSTRUMENTOS DE CAPTAÇÃO,64,K,"ATIVIDADES FINANCEIRAS, DE SEGUROS E SERVIÇOS RELACIONADOS"
6435203,643,INTERMEDIAÇÃO NÃO-MONETÁRIA - OUTROS INSTRUMENTOS DE CAPTAÇÃO,64,K,"ATIVIDADES FINANCEIRAS, DE SEGUROS E SERVIÇOS RELACIONADOS"
6436100,643,INTERMEDIAÇÃO NÃO-MONETÁRIA - OUTROS INSTRUMENTOS DE CAPTAÇÃO,64,K,"ATIVIDADES FINANCEIRAS, DE SEGUROS E SERVIÇOS RELACIONADOS"
6437900,643,INTERMEDIAÇÃO NÃO-MONETÁRIA - OUTROS INSTRUMENTOS DE CAPTAÇÃO,64,K,"ATIVIDADES FINANCEIRAS, DE SEGUROS E SERVIÇOS RELACIONADOS"
6438701,643,INTERMEDIAÇÃO NÃO-MONETÁRIA - OUTROS INSTRUMENTOS DE CAPTAÇÃO,64,K,"ATIVIDADES FINANCEIRAS, DE SEGUROS E SERVIÇOS RELACIONADOS"
6438799,643,INTERMEDIAÇÃO NÃO-MONETÁRIA - OUTROS INSTRUMENTOS DE CAPTAÇÃO,64,K,"ATIVIDADES FINANCEIRAS, DE SEGUROS E SERVIÇOS RELACIONADOS"
6440900,644,ARRENDAMENTO MERCANTIL,64,K,"ATIVIDADES FINANCEIRAS, DE SEGUROS E SERVIÇOS RELACIONADOS"
6450600,645,SOCIEDADES DE CAPITALIZAÇÃO,64,K,"ATIVIDADES FINANCEIRAS, DE SEGUROS E SERVIÇOS RELACIONADOS"
6461100,646,ATIVIDADES DE SOCIEDADES DE PARTICIPAÇÃO,64,K,"ATIVIDADES FINANCEIRAS, DE SEGUROS E SERVIÇOS RELACIONADOS"
6463800,646,ATIVIDADES DE SOCIEDADES DE PARTICIPAÇÃO,64,K,"ATIVIDADES FINANCEIRAS, DE SEGUROS E SERVIÇOS RELACIONADOS"
6470101,647,FUNDOS DE INVESTIMENTO,64,K,"ATIVIDADES FINANCEIRAS, DE SEGUROS E SERVIÇOS RELACIONADOS"
6612601,661,ATIVIDADES AUXILIARES DOS SERVIÇOS FINANCEIROS,66,K,"ATIVIDADES FINANCEIRAS, DE SEGUROS E SERVIÇOS RELACIONADOS"
6492100,649,ATIVIDADES DE SERVIÇOS FINANCEIROS NÃO ESPECIFICADAS ANTERIORMENTE,64,K,"ATIVIDADES FINANCEIRAS, DE SEGUROS E SERVIÇOS RELACIONADOS"
6493000,649,ATIVIDADES DE SERVIÇOS FINANCEIROS NÃO ESPECIFICADAS ANTERIORMENTE,64,K,"ATIVIDADES FINANCEIRAS, DE SEGUROS E SERVIÇOS RELACIONADOS"
6499901,649,ATIVIDADES DE SERVIÇOS FINANCEIROS NÃO ESPECIFICADAS ANTERIORMENTE,64,K,"ATIVIDADES FINANCEIRAS, DE SEGUROS E SERVIÇOS RELACIONADOS"
6499902,649,ATIVIDADES DE SERVIÇOS FINANCEIROS NÃO ESPECIFICADAS ANTERIORMENTE,64,K,"ATIVIDADES FINANCEIRAS, DE SEGUROS E SERVIÇOS RELACIONADOS"
6499903,649,ATIVIDADES DE SERVIÇOS FINANCEIROS NÃO ESPECIFICADAS ANTERIORMENTE,64,K,"ATIVIDADES FINANCEIRAS, DE SEGUROS E SERVIÇOS RELACIONADOS"
6499904,649,ATIVIDADES DE SERVIÇOS FINANCEIROS NÃO ESPECIFICADAS ANTERIORMENTE,64,K,"ATIVIDADES FINANCEIRAS, DE SEGUROS E SERVIÇOS RELACIONADOS"
6499905,649,ATIVIDADES DE SERVIÇOS FINANCEIROS NÃO ESPECIFICADAS ANTERIORMENTE,64,K,"ATIVIDADES FINANCEIRAS, DE SEGUROS E SERVIÇOS RELACIONADOS"
6499999,649,ATIVIDADES DE SERVIÇOS FINANCEIROS NÃO ESPECIFICADAS ANTERIORMENTE,64,K,"ATIVIDADES FINANCEIRAS, DE SEGUROS E SERVIÇOS RELACIONADOS"
6511101,651,SEGUROS DE VIDA E NÃO-VIDA,65,K,"ATIVIDADES FINANCEIRAS, DE SEGUROS E SERVIÇOS RELACIONADOS"
6621501,662,"ATIVIDADES AUXILIARES DOS SEGUROS, DA PREVIDÊNCIA COMPLEMENTAR E DOS PLANOS DE SAÚDE",66,K,"ATIVIDADES FINANCEIRAS, DE SEGUROS E SERVIÇOS RELACIONADOS"
6512000,651,SEGUROS DE VIDA E NÃO-VIDA,65,K,"ATIVIDADES FINANCEIRAS, DE SEGUROS E SERVIÇOS RELACIONADOS"
6520100,652,SEGUROS-SAÚDE,65,K,"ATIVIDADES FINANCEIRAS, DE SEGUROS E SERVIÇOS RELACIONADOS"
6530800,653,RESSEGUROS,65,K,"ATIVIDADES FINANCEIRAS, DE SEGUROS E SERVIÇOS RELACIONADOS"
6541300,654,PREVIDÊNCIA COMPLEMENTAR,65,K,"ATIVIDADES FINANCEIRAS, DE SEGUROS E SERVIÇOS RELACIONADOS"
6542100,654,PREVIDÊNCIA COMPLEMENTAR,65,K,"ATIVIDADES FINANCEIRAS, DE SEGUROS E SERVIÇOS RELACIONADOS"
6612605,661,ATIVIDADES AUXILIARES DOS SERVIÇOS FINANCEIROS,66,K,"ATIVIDADES FINANCEIRAS, DE SEGUROS E SERVIÇOS RELACIONADOS"
6613400,661,ATIVIDADES AUXILIARES DOS SERVIÇOS FINANCEIROS,66,K,"ATIVIDADES FINANCEIRAS, DE SEGUROS E SERVIÇOS RELACIONADOS"
6619301,661,ATIVIDADES AUXILIARES DOS SERVIÇOS FINANCEIROS,66,K,"ATIVIDADES FINANCEIRAS, DE SEGUROS E SERVIÇOS RELACIONADOS"
6619302,661,ATIVIDADES AUXILIARES DOS SERVIÇOS FINANCEIROS,66,K,"ATIVIDADES FINANCEIRAS, DE SEGUROS E SERVIÇOS RELACIONADOS"
6619303,661,ATIVIDADES AUXILIARES DOS SERVIÇOS FINANCEIROS,66,K,"ATIVIDADES FINANCEIRAS, DE SEGUROS E SERVIÇOS RELACIONADOS"
6629100,662,"ATIVIDADES AUXILIARES DOS SEGUROS, DA PREVIDÊNCIA COMPLEMENTAR E DOS PLANOS DE SAÚDE",66,K,"ATIVIDADES FINANCEIRAS, DE SEGUROS E SERVIÇOS RELACIONADOS"
6630400,663,ATIVIDADES DE ADMINISTRAÇÃO DE FUNDOS POR CONTRATO OU COMISSÃO,66,K,"ATIVIDADES FINANCEIRAS, DE SEGUROS E SERVIÇOS RELACIONADOS"
6810201,681,ATIVIDADES IMOBILIÁRIAS DE IMÓVEIS PRÓPRIOS,68,L,ATIVIDADES IMOBILIÁRIAS
6810202,681,ATIVIDADES IMOBILIÁRIAS DE IMÓVEIS PRÓPRIOS,68,L,ATIVIDADES IMOBILIÁRIAS
6810203,681,ATIVIDADES IMOBILIÁRIAS DE IMÓVEIS PRÓPRIOS,68,L,ATIVIDADES IMOBILIÁRIAS
6821801,682,ATIVIDADES IMOBILIÁRIAS POR CONTRATO OU COMISSÃO,68,L,ATIVIDADES IMOBILIÁRIAS
6821802,682,ATIVIDADES IMOBILIÁRIAS POR CONTRATO OU COMISSÃO,68,L,ATIVIDADES IMOBILIÁRIAS
6822600,682,ATIVIDADES IMOBILIÁRIAS POR CONTRATO OU COMISSÃO,68,L,ATIVIDADES IMOBILIÁRIAS
6911701,691,ATIVIDADES JURÍDICAS,69,M,"ATIVIDADES PROFISSIONAIS, CIENTÍFICAS E TÉCNICAS"
7722500,772,ALUGUEL DE OBJETOS PESSOAIS E DOMÉSTICOS,77,N,ATIVIDADES ADMINISTRATIVAS E SERVIÇOS COMPLEMENTARES
6911703,691,ATIVIDADES JURÍDICAS,69,M,"ATIVIDADES PROFISSIONAIS, CIENTÍFICAS E TÉCNICAS"
6912500,691,ATIVIDADES JURÍDICAS,69,M,"ATIVIDADES PROFISSIONAIS, CIENTÍFICAS E TÉCNICAS"
6920601,692,"ATIVIDADES DE CONTABILIDADE, CONSULTORIA E AUDITORIA CONTÁBIL E TRIBUTÁRIA",69,M,"ATIVIDADES PROFISSIONAIS, CIENTÍFICAS E TÉCNICAS"
7490102,749,"ATIVIDADES PROFISSIONAIS, CIENTÍFICAS E TÉCNICAS NÃO ESPECIFICADAS ANTERIORMENTE",74,M,"ATIVIDADES PROFISSIONAIS, CIENTÍFICAS E TÉCNICAS"
7020400,702,ATIVIDADES DE CONSULTORIA EM GESTÃO EMPRESARIAL,70,M,"ATIVIDADES PROFISSIONAIS, CIENTÍFICAS E TÉCNICAS"
7111100,711,SERVIÇOS DE ARQUITETURA E ENGENHARIA E ATIVIDADES TÉCNICAS RELACIONADAS,71,M,"ATIVIDADES PROFISSIONAIS, CIENTÍFICAS E TÉCNICAS"
7112000,711,SERVIÇOS DE ARQUITETURA E ENGENHARIA E ATIVIDADES TÉCNICAS RELACIONADAS,71,M,"ATIVIDADES PROFISSIONAIS, CIENTÍFICAS E TÉCNICAS"
7119701,711,SERVIÇOS DE ARQUITETURA E ENGENHARIA E ATIVIDADES TÉCNICAS RELACIONADAS,71,M,"ATIVIDADES PROFISSIONAIS, CIENTÍFICAS E TÉCNICAS"
7119702,711,SERVIÇOS DE ARQUITETURA E ENGENHARIA E ATIVIDADES TÉCNICAS RELACIONADAS,71,M,"ATIVIDADES PROFISSIONAIS, CIENTÍFICAS E TÉCNICAS"
7119703,711,SERVIÇOS DE ARQUITETURA E ENGENHARIA E ATIVIDADES TÉCNICAS RELACIONADAS,71,M,"ATIVIDADES PROFISSIONAIS, CIENTÍFICAS E TÉCNICAS"
7119704,711,SERVIÇOS DE ARQUITETURA E ENGENHARIA E ATIVIDADES TÉCNICAS RELACIONADAS,71,M,"ATIVIDADES PROFISSIONAIS, CIENTÍFICAS E TÉCNICAS"
7723300,772,ALUGUEL DE OBJETOS PESSOAIS E DOMÉSTICOS,77,N,ATIVIDADES ADMINISTRATIVAS E SERVIÇOS COMPLEMENTARES
7119799,711,SERVIÇOS DE ARQUITETURA E ENGENHARIA E ATIVIDADES TÉCNICAS RELACIONADAS,71,M,"ATIVIDADES PROFISSIONAIS, CIENTÍFICAS E TÉCNICAS"
7120100,712,TESTES E ANÁLISES TÉCNICAS,71,M,"ATIVIDADES PROFISSIONAIS, CIENTÍFICAS E TÉCNICAS"
7210000,721,PESQUISA E DESENVOLVIMENTO EXPERIMENTAL EM CIÊNCIAS FÍSICAS E NATURAIS,72,M,"ATIVIDADES PROFISSIONAIS, CIENTÍFICAS E TÉCNICAS"
7311400,731,PUBLICIDADE,73,M,"ATIVIDADES PROFISSIONAIS, CIENTÍFICAS E TÉCNICAS"
7312200,731,PUBLICIDADE,73,M,"ATIVIDADES PROFISSIONAIS, CIENTÍFICAS E TÉCNICAS"
7319001,731,PUBLICIDADE,73,M,"ATIVIDADES PROFISSIONAIS, CIENTÍFICAS E TÉCNICAS"
7319002,731,PUBLICIDADE,73,M,"ATIVIDADES PROFISSIONAIS, CIENTÍFICAS E TÉCNICAS"
7319003,731,PUBLICIDADE,73,M,"ATIVIDADES PROFISSIONAIS, CIENTÍFICAS E TÉCNICAS"
7319004,731,PUBLICIDADE,73,M,"ATIVIDADES PROFISSIONAIS, CIENTÍFICAS E TÉCNICAS"
7319099,731,PUBLICIDADE,73,M,"ATIVIDADES PROFISSIONAIS, CIENTÍFICAS E TÉCNICAS"
7320300,732,PESQUISAS DE MERCADO E DE OPINIÃO PÚBLICA,73,M,"ATIVIDADES PROFISSIONAIS, CIENTÍFICAS E TÉCNICAS"
7410202,741,DESIGN E DECORAÇÃO DE INTERIORES,74,M,"ATIVIDADES PROFISSIONAIS, CIENTÍFICAS E TÉCNICAS"
7410203,741,DESIGN E DECORAÇÃO DE INTERIORES,74,M,"ATIVIDADES PROFISSIONAIS, CIENTÍFICAS E TÉCNICAS"
7410299,741,DESIGN E DECORAÇÃO DE INTERIORES,74,M,"ATIVIDADES PROFISSIONAIS, CIENTÍFICAS E TÉCNICAS"
7420001,742,ATIVIDADES FOTOGRÁFICAS E SIMILARES,74,M,"ATIVIDADES PROFISSIONAIS, CIENTÍFICAS E TÉCNICAS"
7420002,742,ATIVIDADES FOTOGRÁFICAS E SIMILARES,74,M,"ATIVIDADES PROFISSIONAIS, CIENTÍFICAS E TÉCNICAS"
7420003,742,ATIVIDADES FOTOGRÁFICAS E SIMILARES,74,M,"ATIVIDADES PROFISSIONAIS, CIENTÍFICAS E TÉCNICAS"
7420004,742,ATIVIDADES FOTOGRÁFICAS E SIMILARES,74,M,"ATIVIDADES PROFISSIONAIS, CIENTÍFICAS E TÉCNICAS"
7420005,742,ATIVIDADES FOTOGRÁFICAS E SIMILARES,74,M,"ATIVIDADES PROFISSIONAIS, CIENTÍFICAS E TÉCNICAS"
7490101,749,"ATIVIDADES PROFISSIONAIS, CIENTÍFICAS E TÉCNICAS NÃO ESPECIFICADAS ANTERIORMENTE",74,M,"ATIVIDADES PROFISSIONAIS, CIENTÍFICAS E TÉCNICAS"
8230002,823,"ATIVIDADES DE ORGANIZAÇÃO DE EVENTOS, EXCETO CULTURAIS E ESPORTIVOS",82,N,ATIVIDADES ADMINISTRATIVAS E SERVIÇOS COMPLEMENTARES
7490104,749,"ATIVIDADES PROFISSIONAIS, CIENTÍFICAS E TÉCNICAS NÃO ESPECIFICADAS ANTERIORMENTE",74,M,"ATIVIDADES PROFISSIONAIS, CIENTÍFICAS E TÉCNICAS"
7490105,749,"ATIVIDADES PROFISSIONAIS, CIENTÍFICAS E TÉCNICAS NÃO ESPECIFICADAS ANTERIORMENTE",74,M,"ATIVIDADES PROFISSIONAIS, CIENTÍFICAS E TÉCNICAS"
7739001,773,ALUGUEL DE MÁQUINAS E EQUIPAMENTOS SEM OPERADOR,77,N,ATIVIDADES ADMINISTRATIVAS E SERVIÇOS COMPLEMENTARES
7711000,771,LOCAÇÃO DE MEIOS DE TRANSPORTE SEM CONDUTOR,77,N,ATIVIDADES ADMINISTRATIVAS E SERVIÇOS COMPLEMENTARES
7719501,771,LOCAÇÃO DE MEIOS DE TRANSPORTE SEM CONDUTOR,77,N,ATIVIDADES ADMINISTRATIVAS E SERVIÇOS COMPLEMENTARES
7719502,771,LOCAÇÃO DE MEIOS DE TRANSPORTE SEM CONDUTOR,77,N,ATIVIDADES ADMINISTRATIVAS E SERVIÇOS COMPLEMENTARES
7719599,771,LOCAÇÃO DE MEIOS DE TRANSPORTE SEM CONDUTOR,77,N,ATIVIDADES ADMINISTRATIVAS E SERVIÇOS COMPLEMENTARES
7721700,772,ALUGUEL DE OBJETOS PESSOAIS E DOMÉSTICOS,77,N,ATIVIDADES ADMINISTRATIVAS E SERVIÇOS COMPLEMENTARES
7729299,772,ALUGUEL DE OBJETOS PESSOAIS E DOMÉSTICOS,77,N,ATIVIDADES ADMINISTRATIVAS E SERVIÇOS COMPLEMENTARES
7731400,773,ALUGUEL DE MÁQUINAS E EQUIPAMENTOS SEM OPERADOR,77,N,ATIVIDADES ADMINISTRATIVAS E SERVIÇOS COMPLEMENTARES
7732201,773,ALUGUEL DE MÁQUINAS E EQUIPAMENTOS SEM OPERADOR,77,N,ATIVIDADES ADMINISTRATIVAS E SERVIÇOS COMPLEMENTARES
7732202,773,ALUGUEL DE MÁQUINAS E EQUIPAMENTOS SEM OPERADOR,77,N,ATIVIDADES ADMINISTRATIVAS E SERVIÇOS COMPLEMENTARES
7733100,773,ALUGUEL DE MÁQUINAS E EQUIPAMENTOS SEM OPERADOR,77,N,ATIVIDADES ADMINISTRATIVAS E SERVIÇOS COMPLEMENTARES
7739002,773,ALUGUEL DE MÁQUINAS E EQUIPAMENTOS SEM OPERADOR,77,N,ATIVIDADES ADMINISTRATIVAS E SERVIÇOS COMPLEMENTARES
7739003,773,ALUGUEL DE MÁQUINAS E EQUIPAMENTOS SEM OPERADOR,77,N,ATIVIDADES ADMINISTRATIVAS E SERVIÇOS COMPLEMENTARES
7739099,773,ALUGUEL DE MÁQUINAS E EQUIPAMENTOS SEM OPERADOR,77,N,ATIVIDADES ADMINISTRATIVAS E SERVIÇOS COMPLEMENTARES
7740300,774,GESTÃO DE ATIVOS INTANGÍVEIS NÃO-FINANCEIROS,77,N,ATIVIDADES ADMINISTRATIVAS E SERVIÇOS COMPLEMENTARES
7810800,781,SELEÇÃO E AGENCIAMENTO DE MÃO-DE-OBRA,78,N,ATIVIDADES ADMINISTRATIVAS E SERVIÇOS COMPLEMENTARES
7820500,782,LOCAÇÃO DE MÃO-DE-OBRA TEMPORÁRIA,78,N,ATIVIDADES ADMINISTRATIVAS E SERVIÇOS COMPLEMENTARES
8599602,859,OUTRAS ATIVIDADES DE ENSINO,85,P,EDUCAÇÃO
8591100,859,OUTRAS ATIVIDADES DE ENSINO,85,P,EDUCAÇÃO
7830200,783,FORNECIMENTO E GESTÃO DE RECURSOS HUMANOS PARA TERCEIROS,78,N,ATIVIDADES ADMINISTRATIVAS E SERVIÇOS COMPLEMENTARES
7911200,791,AGÊNCIAS DE VIAGENS E OPERADORES TURÍSTICOS,79,N,ATIVIDADES ADMINISTRATIVAS E SERVIÇOS COMPLEMENTARES
7912100,791,AGÊNCIAS DE VIAGENS E OPERADORES TURÍSTICOS,79,N,ATIVIDADES ADMINISTRATIVAS E SERVIÇOS COMPLEMENTARES
7990200,799,SERVIÇOS DE RESERVAS E OUTROS SERVIÇOS DE TURISMO NÃO ESPECIFICADOS ANTERIORMENTE,79,N,ATIVIDADES ADMINISTRATIVAS E SERVIÇOS COMPLEMENTARES
8011101,801,"ATIVIDADES DE VIGILÂNCIA, SEGURANÇA PRIVADA E TRANSPORTE DE VALORES",80,N,ATIVIDADES ADMINISTRATIVAS E SERVIÇOS COMPLEMENTARES
8011102,801,"ATIVIDADES DE VIGILÂNCIA, SEGURANÇA PRIVADA E TRANSPORTE DE VALORES",80,N,ATIVIDADES ADMINISTRATIVAS E SERVIÇOS COMPLEMENTARES
8012900,801,"ATIVIDADES DE VIGILÂNCIA, SEGURANÇA PRIVADA E TRANSPORTE DE VALORES",80,N,ATIVIDADES ADMINISTRATIVAS E SERVIÇOS COMPLEMENTARES
8020001,802,ATIVIDADES DE MONITORAMENTO DE SISTEMAS DE SEGURANÇA,80,N,ATIVIDADES ADMINISTRATIVAS E SERVIÇOS COMPLEMENTARES
8020002,802,ATIVIDADES DE MONITORAMENTO DE SISTEMAS DE SEGURANÇA,80,N,ATIVIDADES ADMINISTRATIVAS E SERVIÇOS COMPLEMENTARES
8030700,803,ATIVIDADES DE INVESTIGAÇÃO PARTICULAR,80,N,ATIVIDADES ADMINISTRATIVAS E SERVIÇOS COMPLEMENTARES
8220200,822,ATIVIDADES DE TELEATENDIMENTO,82,N,ATIVIDADES ADMINISTRATIVAS E SERVIÇOS COMPLEMENTARES
8592901,859,OUTRAS ATIVIDADES DE ENSINO,85,P,EDUCAÇÃO
8111700,811,SERVIÇOS COMBINADOS PARA APOIO A EDIFÍCIOS,81,N,ATIVIDADES ADMINISTRATIVAS E SERVIÇOS COMPLEMENTARES
8112500,811,SERVIÇOS COMBINADOS PARA APOIO A EDIFÍCIOS,81,N,ATIVIDADES ADMINISTRATIVAS E SERVIÇOS COMPLEMENTARES
8121400,812,ATIVIDADES DE LIMPEZA,81,N,ATIVIDADES ADMINISTRATIVAS E SERVIÇOS COMPLEMENTARES
8122200,812,ATIVIDADES DE LIMPEZA,81,N,ATIVIDADES ADMINISTRATIVAS E SERVIÇOS COMPLEMENTARES
8129000,812,ATIVIDADES DE LIMPEZA,81,N,ATIVIDADES ADMINISTRATIVAS E SERVIÇOS COMPLEMENTARES
8130300,813,ATIVIDADES PAISAGÍSTICAS,81,N,ATIVIDADES ADMINISTRATIVAS E SERVIÇOS COMPLEMENTARES
8211300,821,SERVIÇOS DE ESCRITÓRIO E APOIO ADMINISTRATIVO,82,N,ATIVIDADES ADMINISTRATIVAS E SERVIÇOS COMPLEMENTARES
8219901,821,SERVIÇOS DE ESCRITÓRIO E APOIO ADMINISTRATIVO,82,N,ATIVIDADES ADMINISTRATIVAS E SERVIÇOS COMPLEMENTARES
8512100,851,EDUCAÇÃO INFANTIL E ENSINO FUNDAMENTAL,85,P,EDUCAÇÃO
8230001,823,"ATIVIDADES DE ORGANIZAÇÃO DE EVENTOS, EXCETO CULTURAIS E ESPORTIVOS",82,N,ATIVIDADES ADMINISTRATIVAS E SERVIÇOS COMPLEMENTARES
8291100,829,OUTRAS ATIVIDADES DE SERVIÇOS PRESTADOS PRINCIPALMENTE ÀS EMPRESAS,82,N,ATIVIDADES ADMINISTRATIVAS E SERVIÇOS COMPLEMENTARES
8292000,829,OUTRAS ATIVIDADES DE SERVIÇOS PRESTADOS PRINCIPALMENTE ÀS EMPRESAS,82,N,ATIVIDADES ADMINISTRATIVAS E SERVIÇOS COMPLEMENTARES
8299701,829,OUTRAS ATIVIDADES DE SERVIÇOS PRESTADOS PRINCIPALMENTE ÀS EMPRESAS,82,N,ATIVIDADES ADMINISTRATIVAS E SERVIÇOS COMPLEMENTARES
8299702,829,OUTRAS ATIVIDADES DE SERVIÇOS PRESTADOS PRINCIPALMENTE ÀS EMPRESAS,82,N,ATIVIDADES ADMINISTRATIVAS E SERVIÇOS COMPLEMENTARES
8299703,829,OUTRAS ATIVIDADES DE SERVIÇOS PRESTADOS PRINCIPALMENTE ÀS EMPRESAS,82,N,ATIVIDADES ADMINISTRATIVAS E SERVIÇOS COMPLEMENTARES
8299704,829,OUTRAS ATIVIDADES DE SERVIÇOS PRESTADOS PRINCIPALMENTE ÀS EMPRESAS,82,N,ATIVIDADES ADMINISTRATIVAS E SERVIÇOS COMPLEMENTARES
8299705,829,OUTRAS ATIVIDADES DE SERVIÇOS PRESTADOS PRINCIPALMENTE ÀS EMPRESAS,82,N,ATIVIDADES ADMINISTRATIVAS E SERVIÇOS COMPLEMENTARES
8299706,829,OUTRAS ATIVIDADES DE SERVIÇOS PRESTADOS PRINCIPALMENTE ÀS EMPRESAS,82,N,ATIVIDADES ADMINISTRATIVAS E SERVIÇOS COMPLEMENTARES
8299707,829,OUTRAS ATIVIDADES DE SERVIÇOS PRESTADOS PRINCIPALMENTE ÀS EMPRESAS,82,N,ATIVIDADES ADMINISTRATIVAS E SERVIÇOS COMPLEMENTARES
8299799,829,OUTRAS ATIVIDADES DE SERVIÇOS PRESTADOS PRINCIPALMENTE ÀS EMPRESAS,82,N,ATIVIDADES ADMINISTRATIVAS E SERVIÇOS COMPLEMENTARES
9603304,960,OUTRAS ATIVIDADES DE SERVIÇOS PESSOAIS,96,S,OUTRAS ATIVIDADES DE SERVIÇOS
8412400,841,ADMINISTRAÇÃO DO ESTADO E DA POLÍTICA ECONÔMICA E SOCIAL,84,O,"ADMINISTRAÇÃO PÚBLICA, DEFESA E SEGURIDADE SOCIAL"
8413200,841,ADMINISTRAÇÃO DO ESTADO E DA POLÍTICA ECONÔMICA E SOCIAL,84,O,"ADMINISTRAÇÃO PÚBLICA, DEFESA E SEGURIDADE SOCIAL"
8421300,842,SERVIÇOS COLETIVOS PRESTADOS PELA ADMINISTRAÇÃO PÚBLICA,84,O,"ADMINISTRAÇÃO PÚBLICA, DEFESA E SEGURIDADE SOCIAL"
8422100,842,SERVIÇOS COLETIVOS PRESTADOS PELA ADMINISTRAÇÃO PÚBLICA,84,O,"ADMINISTRAÇÃO PÚBLICA, DEFESA E SEGURIDADE SOCIAL"
8630599,863,ATIVIDADES DE ATENÇÃO AMBULATORIAL EXECUTADAS POR MÉDICOS E ODONTÓLOGOS,86,Q,SAÚDE HUMANA E SERVIÇOS SOCIAIS
8423000,842,SERVIÇOS COLETIVOS PRESTADOS PELA ADMINISTRAÇÃO PÚBLICA,84,O,"ADMINISTRAÇÃO PÚBLICA, DEFESA E SEGURIDADE SOCIAL"
8424800,842,SERVIÇOS COLETIVOS PRESTADOS PELA ADMINISTRAÇÃO PÚBLICA,84,O,"ADMINISTRAÇÃO PÚBLICA, DEFESA E SEGURIDADE SOCIAL"
8425600,842,SERVIÇOS COLETIVOS PRESTADOS PELA ADMINISTRAÇÃO PÚBLICA,84,O,"ADMINISTRAÇÃO PÚBLICA, DEFESA E SEGURIDADE SOCIAL"
8430200,843,SEGURIDADE SOCIAL OBRIGATÓRIA,84,O,"ADMINISTRAÇÃO PÚBLICA, DEFESA E SEGURIDADE SOCIAL"
8511200,851,EDUCAÇÃO INFANTIL E ENSINO FUNDAMENTAL,85,P,EDUCAÇÃO
9603305,960,OUTRAS ATIVIDADES DE SERVIÇOS PESSOAIS,96,S,OUTRAS ATIVIDADES DE SERVIÇOS
8513900,851,EDUCAÇÃO INFANTIL E ENSINO FUNDAMENTAL,85,P,EDUCAÇÃO
8599603,859,OUTRAS ATIVIDADES DE ENSINO,85,P,EDUCAÇÃO
8599604,859,OUTRAS ATIVIDADES DE ENSINO,85,P,EDUCAÇÃO
8599605,859,OUTRAS ATIVIDADES DE ENSINO,85,P,EDUCAÇÃO
8520100,852,ENSINO MÉDIO,85,P,EDUCAÇÃO
8531700,853,EDUCAÇÃO SUPERIOR,85,P,EDUCAÇÃO
8532500,853,EDUCAÇÃO SUPERIOR,85,P,EDUCAÇÃO
8640201,864,ATIVIDADES DE SERVIÇOS DE COMPLEMENTAÇÃO DIAGNÓSTICA E TERAPÊUTICA,86,Q,SAÚDE HUMANA E SERVIÇOS SOCIAIS
8533300,853,EDUCAÇÃO SUPERIOR,85,P,EDUCAÇÃO
8541400,854,EDUCAÇÃO PROFISSIONAL DE NÍVEL TÉCNICO E TECNOLÓGICO,85,P,EDUCAÇÃO
8542200,854,EDUCAÇÃO PROFISSIONAL DE NÍVEL TÉCNICO E TECNOLÓGICO,85,P,EDUCAÇÃO
8550301,855,ATIVIDADES DE APOIO À EDUCAÇÃO,85,P,EDUCAÇÃO
8550302,855,ATIVIDADES DE APOIO À EDUCAÇÃO,85,P,EDUCAÇÃO
9603399,960,OUTRAS ATIVIDADES DE SERVIÇOS PESSOAIS,96,S,OUTRAS ATIVIDADES DE SERVIÇOS
8592902,859,OUTRAS ATIVIDADES DE ENSINO,85,P,EDUCAÇÃO
8592903,859,OUTRAS ATIVIDADES DE ENSINO,85,P,EDUCAÇÃO
8592999,859,OUTRAS ATIVIDADES DE ENSINO,85,P,EDUCAÇÃO
8593700,859,OUTRAS ATIVIDADES DE ENSINO,85,P,EDUCAÇÃO
8599699,859,OUTRAS ATIVIDADES DE ENSINO,85,P,EDUCAÇÃO
8640202,864,ATIVIDADES DE SERVIÇOS DE COMPLEMENTAÇÃO DIAGNÓSTICA E TERAPÊUTICA,86,Q,SAÚDE HUMANA E SERVIÇOS SOCIAIS
8640203,864,ATIVIDADES DE SERVIÇOS DE COMPLEMENTAÇÃO DIAGNÓSTICA E TERAPÊUTICA,86,Q,SAÚDE HUMANA E SERVIÇOS SOCIAIS
8640204,864,ATIVIDADES DE SERVIÇOS DE COMPLEMENTAÇÃO DIAGNÓSTICA E TERAPÊUTICA,86,Q,SAÚDE HUMANA E SERVIÇOS SOCIAIS
8610101,861,ATIVIDADES DE ATENDIMENTO HOSPITALAR,86,Q,SAÚDE HUMANA E SERVIÇOS SOCIAIS
8610102,861,ATIVIDADES DE ATENDIMENTO HOSPITALAR,86,Q,SAÚDE HUMANA E SERVIÇOS SOCIAIS
8621601,862,SERVIÇOS MÓVEIS DE ATENDIMENTO A URGÊNCIAS E DE REMOÇÃO DE PACIENTES,86,Q,SAÚDE HUMANA E SERVIÇOS SOCIAIS
8621602,862,SERVIÇOS MÓVEIS DE ATENDIMENTO A URGÊNCIAS E DE REMOÇÃO DE PACIENTES,86,Q,SAÚDE HUMANA E SERVIÇOS SOCIAIS
8622400,862,SERVIÇOS MÓVEIS DE ATENDIMENTO A URGÊNCIAS E DE REMOÇÃO DE PACIENTES,86,Q,SAÚDE HUMANA E SERVIÇOS SOCIAIS
9609202,960,OUTRAS ATIVIDADES DE SERVIÇOS PESSOAIS,96,S,OUTRAS ATIVIDADES DE SERVIÇOS
8630501,863,ATIVIDADES DE ATENÇÃO AMBULATORIAL EXECUTADAS POR MÉDICOS E ODONTÓLOGOS,86,Q,SAÚDE HUMANA E SERVIÇOS SOCIAIS
8630502,863,ATIVIDADES DE ATENÇÃO AMBULATORIAL EXECUTADAS POR MÉDICOS E ODONTÓLOGOS,86,Q,SAÚDE HUMANA E SERVIÇOS SOCIAIS
8630503,863,ATIVIDADES DE ATENÇÃO AMBULATORIAL EXECUTADAS POR MÉDICOS E ODONTÓLOGOS,86,Q,SAÚDE HUMANA E SERVIÇOS SOCIAIS
8650004,865,"ATIVIDADES DE PROFISSIONAIS DA ÁREA DE SAÚDE, EXCETO MÉDICOS E ODONTÓLOGOS",86,Q,SAÚDE HUMANA E SERVIÇOS SOCIAIS
8630504,863,ATIVIDADES DE ATENÇÃO AMBULATORIAL EXECUTADAS POR MÉDICOS E ODONTÓLOGOS,86,Q,SAÚDE HUMANA E SERVIÇOS SOCIAIS
8630506,863,ATIVIDADES DE ATENÇÃO AMBULATORIAL EXECUTADAS POR MÉDICOS E ODONTÓLOGOS,86,Q,SAÚDE HUMANA E SERVIÇOS SOCIAIS
8630507,863,ATIVIDADES DE ATENÇÃO AMBULATORIAL EXECUTADAS POR MÉDICOS E ODONTÓLOGOS,86,Q,SAÚDE HUMANA E SERVIÇOS SOCIAIS
8640205,864,ATIVIDADES DE SERVIÇOS DE COMPLEMENTAÇÃO DIAGNÓSTICA E TERAPÊUTICA,86,Q,SAÚDE HUMANA E SERVIÇOS SOCIAIS
8640206,864,ATIVIDADES DE SERVIÇOS DE COMPLEMENTAÇÃO DIAGNÓSTICA E TERAPÊUTICA,86,Q,SAÚDE HUMANA E SERVIÇOS SOCIAIS
8640207,864,ATIVIDADES DE SERVIÇOS DE COMPLEMENTAÇÃO DIAGNÓSTICA E TERAPÊUTICA,86,Q,SAÚDE HUMANA E SERVIÇOS SOCIAIS
8640208,864,ATIVIDADES DE SERVIÇOS DE COMPLEMENTAÇÃO DIAGNÓSTICA E TERAPÊUTICA,86,Q,SAÚDE HUMANA E SERVIÇOS SOCIAIS
8640209,864,ATIVIDADES DE SERVIÇOS DE COMPLEMENTAÇÃO DIAGNÓSTICA E TERAPÊUTICA,86,Q,SAÚDE HUMANA E SERVIÇOS SOCIAIS
8640210,864,ATIVIDADES DE SERVIÇOS DE COMPLEMENTAÇÃO DIAGNÓSTICA E TERAPÊUTICA,86,Q,SAÚDE HUMANA E SERVIÇOS SOCIAIS
8640211,864,ATIVIDADES DE SERVIÇOS DE COMPLEMENTAÇÃO DIAGNÓSTICA E TERAPÊUTICA,86,Q,SAÚDE HUMANA E SERVIÇOS SOCIAIS
8640212,864,ATIVIDADES DE SERVIÇOS DE COMPLEMENTAÇÃO DIAGNÓSTICA E TERAPÊUTICA,86,Q,SAÚDE HUMANA E SERVIÇOS SOCIAIS
8640213,864,ATIVIDADES DE SERVIÇOS DE COMPLEMENTAÇÃO DIAGNÓSTICA E TERAPÊUTICA,86,Q,SAÚDE HUMANA E SERVIÇOS SOCIAIS
8640214,864,ATIVIDADES DE SERVIÇOS DE COMPLEMENTAÇÃO DIAGNÓSTICA E TERAPÊUTICA,86,Q,SAÚDE HUMANA E SERVIÇOS SOCIAIS
8712300,871,"ATIVIDADES DE ASSISTÊNCIA A IDOSOS, DEFICIENTES FÍSICOS, IMUNODEPRIMIDOS E CONVALESCENTES, E DE INFRA-ESTRUTURA E APOIO A PACIENTES PRESTADAS EM RESIDÊNCIAS COLETIVAS E PARTICULARES",87,Q,SAÚDE HUMANA E SERVIÇOS SOCIAIS
8640299,864,ATIVIDADES DE SERVIÇOS DE COMPLEMENTAÇÃO DIAGNÓSTICA E TERAPÊUTICA,86,Q,SAÚDE HUMANA E SERVIÇOS SOCIAIS
8650001,865,"ATIVIDADES DE PROFISSIONAIS DA ÁREA DE SAÚDE, EXCETO MÉDICOS E ODONTÓLOGOS",86,Q,SAÚDE HUMANA E SERVIÇOS SOCIAIS
8650002,865,"ATIVIDADES DE PROFISSIONAIS DA ÁREA DE SAÚDE, EXCETO MÉDICOS E ODONTÓLOGOS",86,Q,SAÚDE HUMANA E SERVIÇOS SOCIAIS
8650003,865,"ATIVIDADES DE PROFISSIONAIS DA ÁREA DE SAÚDE, EXCETO MÉDICOS E ODONTÓLOGOS",86,Q,SAÚDE HUMANA E SERVIÇOS SOCIAIS
8650007,865,"ATIVIDADES DE PROFISSIONAIS DA ÁREA DE SAÚDE, EXCETO MÉDICOS E ODONTÓLOGOS",86,Q,SAÚDE HUMANA E SERVIÇOS SOCIAIS
8650099,865,"ATIVIDADES DE PROFISSIONAIS DA ÁREA DE SAÚDE, EXCETO MÉDICOS E ODONTÓLOGOS",86,Q,SAÚDE HUMANA E SERVIÇOS SOCIAIS
8660700,866,ATIVIDADES DE APOIO À GESTÃO DE SAÚDE,86,Q,SAÚDE HUMANA E SERVIÇOS SOCIAIS
8690901,869,ATIVIDADES DE ATENÇÃO À SAÚDE HUMANA NÃO ESPECIFICADAS ANTERIORMENTE,86,Q,SAÚDE HUMANA E SERVIÇOS SOCIAIS
8690902,869,ATIVIDADES DE ATENÇÃO À SAÚDE HUMANA NÃO ESPECIFICADAS ANTERIORMENTE,86,Q,SAÚDE HUMANA E SERVIÇOS SOCIAIS
8690903,869,ATIVIDADES DE ATENÇÃO À SAÚDE HUMANA NÃO ESPECIFICADAS ANTERIORMENTE,86,Q,SAÚDE HUMANA E SERVIÇOS SOCIAIS
8690904,869,ATIVIDADES DE ATENÇÃO À SAÚDE HUMANA NÃO ESPECIFICADAS ANTERIORMENTE,86,Q,SAÚDE HUMANA E SERVIÇOS SOCIAIS
9529103,952,REPARAÇÃO E MANUTENÇÃO DE OBJETOS E EQUIPAMENTOS PESSOAIS E DOMÉSTICOS,95,S,OUTRAS ATIVIDADES DE SERVIÇOS
8711501,871,"ATIVIDADES DE ASSISTÊNCIA A IDOSOS, DEFICIENTES FÍSICOS, IMUNODEPRIMIDOS E CONVALESCENTES, E DE INFRA-ESTRUTURA E APOIO A PACIENTES PRESTADAS EM RESIDÊNCIAS COLETIVAS E PARTICULARES",87,Q,SAÚDE HUMANA E SERVIÇOS SOCIAIS
8711502,871,"ATIVIDADES DE ASSISTÊNCIA A IDOSOS, DEFICIENTES FÍSICOS, IMUNODEPRIMIDOS E CONVALESCENTES, E DE INFRA-ESTRUTURA E APOIO A PACIENTES PRESTADAS EM RESIDÊNCIAS COLETIVAS E PARTICULARES",87,Q,SAÚDE HUMANA E SERVIÇOS SOCIAIS
8711503,871,"ATIVIDADES DE ASSISTÊNCIA A IDOSOS, DEFICIENTES FÍSICOS, IMUNODEPRIMIDOS E CONVALESCENTES, E DE INFRA-ESTRUTURA E APOIO A PACIENTES PRESTADAS EM RESIDÊNCIAS COLETIVAS E PARTICULARES",87,Q,SAÚDE HUMANA E SERVIÇOS SOCIAIS
8711504,871,"ATIVIDADES DE ASSISTÊNCIA A IDOSOS, DEFICIENTES FÍSICOS, IMUNODEPRIMIDOS E CONVALESCENTES, E DE INFRA-ESTRUTURA E APOIO A PACIENTES PRESTADAS EM RESIDÊNCIAS COLETIVAS E PARTICULARES",87,Q,SAÚDE HUMANA E SERVIÇOS SOCIAIS
8711505,871,"ATIVIDADES DE ASSISTÊNCIA A IDOSOS, DEFICIENTES FÍSICOS, IMUNODEPRIMIDOS E CONVALESCENTES, E DE INFRA-ESTRUTURA E APOIO A PACIENTES PRESTADAS EM RESIDÊNCIAS COLETIVAS E PARTICULARES",87,Q,SAÚDE HUMANA E SERVIÇOS SOCIAIS
9002702,900,"ATIVIDADES ARTÍSTICAS, CRIATIVAS E DE ESPETÁCULOS",90,R,"ARTES, CULTURA, ESPORTE E RECREAÇÃO"
8720401,872,"ATIVIDADES DE ASSISTÊNCIA PSICOSSOCIAL E À SAÚDE A PORTADORES DE DISTÚRBIOS PSÍQUICOS, DEFICIÊNCIA MENTAL E DEPENDÊNCIA QUÍMICA",87,Q,SAÚDE HUMANA E SERVIÇOS SOCIAIS
8730101,873,ATIVIDADES DE ASSISTÊNCIA SOCIAL PRESTADAS EM RESIDÊNCIAS COLETIVAS E PARTICULARES,87,Q,SAÚDE HUMANA E SERVIÇOS SOCIAIS
8730102,873,ATIVIDADES DE ASSISTÊNCIA SOCIAL PRESTADAS EM RESIDÊNCIAS COLETIVAS E PARTICULARES,87,Q,SAÚDE HUMANA E SERVIÇOS SOCIAIS
8730199,873,ATIVIDADES DE ASSISTÊNCIA SOCIAL PRESTADAS EM RESIDÊNCIAS COLETIVAS E PARTICULARES,87,Q,SAÚDE HUMANA E SERVIÇOS SOCIAIS
9001901,900,"ATIVIDADES ARTÍSTICAS, CRIATIVAS E DE ESPETÁCULOS",90,R,"ARTES, CULTURA, ESPORTE E RECREAÇÃO"
9001902,900,"ATIVIDADES ARTÍSTICAS, CRIATIVAS E DE ESPETÁCULOS",90,R,"ARTES, CULTURA, ESPORTE E RECREAÇÃO"
9001903,900,"ATIVIDADES ARTÍSTICAS, CRIATIVAS E DE ESPETÁCULOS",90,R,"ARTES, CULTURA, ESPORTE E RECREAÇÃO"
9001904,900,"ATIVIDADES ARTÍSTICAS, CRIATIVAS E DE ESPETÁCULOS",90,R,"ARTES, CULTURA, ESPORTE E RECREAÇÃO"
9001905,900,"ATIVIDADES ARTÍSTICAS, CRIATIVAS E DE ESPETÁCULOS",90,R,"ARTES, CULTURA, ESPORTE E RECREAÇÃO"
9001906,900,"ATIVIDADES ARTÍSTICAS, CRIATIVAS E DE ESPETÁCULOS",90,R,"ARTES, CULTURA, ESPORTE E RECREAÇÃO"
9001999,900,"ATIVIDADES ARTÍSTICAS, CRIATIVAS E DE ESPETÁCULOS",90,R,"ARTES, CULTURA, ESPORTE E RECREAÇÃO"
9002701,900,"ATIVIDADES ARTÍSTICAS, CRIATIVAS E DE ESPETÁCULOS",90,R,"ARTES, CULTURA, ESPORTE E RECREAÇÃO"
9003500,900,"ATIVIDADES ARTÍSTICAS, CRIATIVAS E DE ESPETÁCULOS",90,R,"ARTES, CULTURA, ESPORTE E RECREAÇÃO"
9101500,910,ATIVIDADES LIGADAS AO PATRIMÔNIO CULTURAL E AMBIENTAL,91,R,"ARTES, CULTURA, ESPORTE E RECREAÇÃO"
9102301,910,ATIVIDADES LIGADAS AO PATRIMÔNIO CULTURAL E AMBIENTAL,91,R,"ARTES, CULTURA, ESPORTE E RECREAÇÃO"
9102302,910,ATIVIDADES LIGADAS AO PATRIMÔNIO CULTURAL E AMBIENTAL,91,R,"ARTES, CULTURA, ESPORTE E RECREAÇÃO"
9103100,910,ATIVIDADES LIGADAS AO PATRIMÔNIO CULTURAL E AMBIENTAL,91,R,"ARTES, CULTURA, ESPORTE E RECREAÇÃO"
9200301,920,ATIVIDADES DE EXPLORAÇÃO DE JOGOS DE AZAR E APOSTAS,92,R,"ARTES, CULTURA, ESPORTE E RECREAÇÃO"
9200302,920,ATIVIDADES DE EXPLORAÇÃO DE JOGOS DE AZAR E APOSTAS,92,R,"ARTES, CULTURA, ESPORTE E RECREAÇÃO"
9200399,920,ATIVIDADES DE EXPLORAÇÃO DE JOGOS DE AZAR E APOSTAS,92,R,"ARTES, CULTURA, ESPORTE E RECREAÇÃO"
9311500,931,ATIVIDADES ESPORTIVAS,93,R,"ARTES, CULTURA, ESPORTE E RECREAÇÃO"
9312300,931,ATIVIDADES ESPORTIVAS,93,R,"ARTES, CULTURA, ESPORTE E RECREAÇÃO"
9313100,931,ATIVIDADES ESPORTIVAS,93,R,"ARTES, CULTURA, ESPORTE E RECREAÇÃO"
9319101,931,ATIVIDADES ESPORTIVAS,93,R,"ARTES, CULTURA, ESPORTE E RECREAÇÃO"
9319199,931,ATIVIDADES ESPORTIVAS,93,R,"ARTES, CULTURA, ESPORTE E RECREAÇÃO"
9321200,932,ATIVIDADES DE RECREAÇÃO E LAZER,93,R,"ARTES, CULTURA, ESPORTE E RECREAÇÃO"
9329801,932,ATIVIDADES DE RECREAÇÃO E LAZER,93,R,"ARTES, CULTURA, ESPORTE E RECREAÇÃO"
9329802,932,ATIVIDADES DE RECREAÇÃO E LAZER,93,R,"ARTES, CULTURA, ESPORTE E RECREAÇÃO"
9329803,932,ATIVIDADES DE RECREAÇÃO E LAZER,93,R,"ARTES, CULTURA, ESPORTE E RECREAÇÃO"
9329804,932,ATIVIDADES DE RECREAÇÃO E LAZER,93,R,"ARTES, CULTURA, ESPORTE E RECREAÇÃO"
9609204,960,OUTRAS ATIVIDADES DE SERVIÇOS PESSOAIS,96,S,OUTRAS ATIVIDADES DE SERVIÇOS
9329899,932,ATIVIDADES DE RECREAÇÃO E LAZER,93,R,"ARTES, CULTURA, ESPORTE E RECREAÇÃO"
9411100,941,"ATIVIDADES DE ORGANIZAÇÕES ASSOCIATIVAS PATRONAIS, EMPRESARIAIS E PROFISSIONAIS",94,S,OUTRAS ATIVIDADES DE SERVIÇOS
9412001,941,"ATIVIDADES DE ORGANIZAÇÕES ASSOCIATIVAS PATRONAIS, EMPRESARIAIS E PROFISSIONAIS",94,S,OUTRAS ATIVIDADES DE SERVIÇOS
9412099,941,"ATIVIDADES DE ORGANIZAÇÕES ASSOCIATIVAS PATRONAIS, EMPRESARIAIS E PROFISSIONAIS",94,S,OUTRAS ATIVIDADES DE SERVIÇOS
9420100,942,ATIVIDADES DE ORGANIZAÇÕES SINDICAIS,94,S,OUTRAS ATIVIDADES DE SERVIÇOS
9430800,943,ATIVIDADES DE ASSOCIAÇÕES DE DEFESA DE DIREITOS SOCIAIS,94,S,OUTRAS ATIVIDADES DE SERVIÇOS
9491000,949,ATIVIDADES DE ORGANIZAÇÕES ASSOCIATIVAS NÃO ESPECIFICADAS ANTERIORMENTE,94,S,OUTRAS ATIVIDADES DE SERVIÇOS
9492800,949,ATIVIDADES DE ORGANIZAÇÕES ASSOCIATIVAS NÃO ESPECIFICADAS ANTERIORMENTE,94,S,OUTRAS ATIVIDADES DE SERVIÇOS
9602502,960,OUTRAS ATIVIDADES DE SERVIÇOS PESSOAIS,96,S,OUTRAS ATIVIDADES DE SERVIÇOS
9493600,949,ATIVIDADES DE ORGANIZAÇÕES ASSOCIATIVAS NÃO ESPECIFICADAS ANTERIORMENTE,94,S,OUTRAS ATIVIDADES DE SERVIÇOS
9609205,960,OUTRAS ATIVIDADES DE SERVIÇOS PESSOAIS,96,S,OUTRAS ATIVIDADES DE SERVIÇOS
9609206,960,OUTRAS ATIVIDADES DE SERVIÇOS PESSOAIS,96,S,OUTRAS ATIVIDADES DE SERVIÇOS
9511800,951,REPARAÇÃO E MANUTENÇÃO DE EQUIPAMENTOS DE INFORMÁTICA E COMUNICAÇÃO,95,S,OUTRAS ATIVIDADES DE SERVIÇOS
9512600,951,REPARAÇÃO E MANUTENÇÃO DE EQUIPAMENTOS DE INFORMÁTICA E COMUNICAÇÃO,95,S,OUTRAS ATIVIDADES DE SERVIÇOS
9521500,952,REPARAÇÃO E MANUTENÇÃO DE OBJETOS E EQUIPAMENTOS PESSOAIS E DOMÉSTICOS,95,S,OUTRAS ATIVIDADES DE SERVIÇOS
9529101,952,REPARAÇÃO E MANUTENÇÃO DE OBJETOS E EQUIPAMENTOS PESSOAIS E DOMÉSTICOS,95,S,OUTRAS ATIVIDADES DE SERVIÇOS
9529102,952,REPARAÇÃO E MANUTENÇÃO DE OBJETOS E EQUIPAMENTOS PESSOAIS E DOMÉSTICOS,95,S,OUTRAS ATIVIDADES DE SERVIÇOS
9529104,952,REPARAÇÃO E MANUTENÇÃO DE OBJETOS E EQUIPAMENTOS PESSOAIS E DOMÉSTICOS,95,S,OUTRAS ATIVIDADES DE SERVIÇOS
9529105,952,REPARAÇÃO E MANUTENÇÃO DE OBJETOS E EQUIPAMENTOS PESSOAIS E DOMÉSTICOS,95,S,OUTRAS ATIVIDADES DE SERVIÇOS
9529106,952,REPARAÇÃO E MANUTENÇÃO DE OBJETOS E EQUIPAMENTOS PESSOAIS E DOMÉSTICOS,95,S,OUTRAS ATIVIDADES DE SERVIÇOS
9529199,952,REPARAÇÃO E MANUTENÇÃO DE OBJETOS E EQUIPAMENTOS PESSOAIS E DOMÉSTICOS,95,S,OUTRAS ATIVIDADES DE SERVIÇOS
9601701,960,OUTRAS ATIVIDADES DE SERVIÇOS PESSOAIS,96,S,OUTRAS ATIVIDADES DE SERVIÇOS
9601702,960,OUTRAS ATIVIDADES DE SERVIÇOS PESSOAIS,96,S,OUTRAS ATIVIDADES DE SERVIÇOS
9601703,960,OUTRAS ATIVIDADES DE SERVIÇOS PESSOAIS,96,S,OUTRAS ATIVIDADES DE SERVIÇOS
9602501,960,OUTRAS ATIVIDADES DE SERVIÇOS PESSOAIS,96,S,OUTRAS ATIVIDADES DE SERVIÇOS
9603301,960,OUTRAS ATIVIDADES DE SERVIÇOS PESSOAIS,96,S,OUTRAS ATIVIDADES DE SERVIÇOS
9609207,960,OUTRAS ATIVIDADES DE SERVIÇOS PESSOAIS,96,S,OUTRAS ATIVIDADES DE SERVIÇOS
9609208,960,OUTRAS ATIVIDADES DE SERVIÇOS PESSOAIS,96,S,OUTRAS ATIVIDADES DE SERVIÇOS
9609299,960,OUTRAS ATIVIDADES DE SERVIÇOS PESSOAIS,96,S,OUTRAS ATIVIDADES DE SERVIÇOS
9700500,970,SERVIÇOS DOMÉSTICOS,97,T,SERVIÇOS DOMÉSTICOS
9900800,990,ORGANISMOS INTERNACIONAIS E OUTRAS INSTITUIÇÕES EXTRATERRITORIAIS,99,U,ORGANISMOS INTERNACIONAIS E OUTRAS INSTITUIÇÕES EXTRATERRITORIAIS
3104700,310,FABRICAÇÃO DE MÓVEIS,31,C,INDÚSTRIAS DE TRANSFORMAÇÃO
4641901,464,COMÉRCIO ATACADISTA DE PRODUTOS DE CONSUMO NÃO-ALIMENTAR,46,G,COMÉRCIO; REPARAÇÃO DE VEÍCULOS AUTOMOTORES E MOTOCICLETAS
7490199,749,"ATIVIDADES PROFISSIONAIS, CIENTÍFICAS E TÉCNICAS NÃO ESPECIFICADAS ANTERIORMENTE",74,M,"ATIVIDADES PROFISSIONAIS, CIENTÍFICAS E TÉCNICAS"
1921700,192,FABRICAÇÃO DE PRODUTOS DERIVADOS DO PETRÓLEO,19,C,INDÚSTRIAS DE TRANSFORMAÇÃO
1931400,193,FABRICAÇÃO DE BIOCOMBUSTÍVEIS,19,C,INDÚSTRIAS DE TRANSFORMAÇÃO
2014200,201,FABRICAÇÃO DE PRODUTOS QUÍMICOS INORGÂNICOS,20,C,INDÚSTRIAS DE TRANSFORMAÇÃO
2073800,207,"FABRICAÇÃO DE TINTAS, VERNIZES, ESMALTES, LACAS E PRODUTOS AFINS",20,C,INDÚSTRIAS DE TRANSFORMAÇÃO
2123800,212,FABRICAÇÃO DE PRODUTOS FARMACÊUTICOS,21,C,INDÚSTRIAS DE TRANSFORMAÇÃO
2421100,242,SIDERURGIA,24,C,INDÚSTRIAS DE TRANSFORMAÇÃO
3600601,360,"CAPTAÇÃO, TRATAMENTO E DISTRIBUIÇÃO DE ÁGUA",36,E,"ÁGUA, ESGOTO, ATIVIDADES DE GESTÃO DE RESÍDUOS E DESCONTAMINAÇÃO"
1096100,109,FABRICAÇÃO DE OUTROS PRODUTOS ALIMENTÍCIOS,10,C,INDÚSTRIAS DE TRANSFORMAÇÃO
3329599,332,INSTALAÇÃO DE MÁQUINAS E EQUIPAMENTOS,33,C,INDÚSTRIAS DE TRANSFORMAÇÃO
7500100,750,ATIVIDADES VETERINÁRIAS,75,M,"ATIVIDADES PROFISSIONAIS, CIENTÍFICAS E TÉCNICAS"
8650005,865,"ATIVIDADES DE PROFISSIONAIS DA ÁREA DE SAÚDE, EXCETO MÉDICOS E ODONTÓLOGOS",86,Q,SAÚDE HUMANA E SERVIÇOS SOCIAIS
8720499,872,"ATIVIDADES DE ASSISTÊNCIA PSICOSSOCIAL E À SAÚDE A PORTADORES DE DISTÚRBIOS PSÍQUICOS, DEFICIÊNCIA MENTAL E DEPENDÊNCIA QUÍMICA",87,Q,SAÚDE HUMANA E SERVIÇOS SOCIAIS
1610205,161,DESDOBRAMENTO DE MADEIRA,16,C,INDÚSTRIAS DE TRANSFORMAÇÃO
5611205,561,RESTAURANTES E OUTROS SERVIÇOS DE ALIMENTAÇÃO E BEBIDAS,56,I,ALOJAMENTO E ALIMENTAÇÃO
7490103,749,"ATIVIDADES PROFISSIONAIS, CIENTÍFICAS E TÉCNICAS NÃO ESPECIFICADAS ANTERIORMENTE",74,M,"ATIVIDADES PROFISSIONAIS, CIENTÍFICAS E TÉCNICAS"
8219999,821,SERVIÇOS DE ESCRITÓRIO E APOIO ADMINISTRATIVO,82,N,ATIVIDADES ADMINISTRATIVAS E SERVIÇOS COMPLEMENTARES
6319400,631,"TRATAMENTO DE DADOS, HOSPEDAGEM NA INTERNET E OUTRAS ATIVIDADES RELACIONADAS",63,J,INFORMAÇÃO E COMUNICAÇÃO
9499500,949,ATIVIDADES DE ORGANIZAÇÕES ASSOCIATIVAS NÃO ESPECIFICADAS ANTERIORMENTE,94,S,OUTRAS ATIVIDADES DE SERVIÇOS
4713005,471,COMÉRCIO VAREJISTA NÃO-ESPECIALIZADO,47,G,COMÉRCIO; REPARAÇÃO DE VEÍCULOS AUTOMOTORES E MOTOCICLETAS
8411600,841,ADMINISTRAÇÃO DO ESTADO E DA POLÍTICA ECONÔMICA E SOCIAL,84,O,"ADMINISTRAÇÃO PÚBLICA, DEFESA E SEGURIDADE SOCIAL"
8690999,869,ATIVIDADES DE ATENÇÃO À SAÚDE HUMANA NÃO ESPECIFICADAS ANTERIORMENTE,86,Q,SAÚDE HUMANA E SERVIÇOS SOCIAIS
2391502,239,APARELHAMENTO DE PEDRAS E FABRICAÇÃO DE OUTROS PRODUTOS DE MINERAIS NÃO-METÁLICOS,23,C,INDÚSTRIAS DE TRANSFORMAÇÃO
2391503,239,APARELHAMENTO DE PEDRAS E FABRICAÇÃO DE OUTROS PRODUTOS DE MINERAIS NÃO-METÁLICOS,23,C,INDÚSTRIAS DE TRANSFORMAÇÃO
6511102,651,SEGUROS DE VIDA E NÃO-VIDA,65,K,"ATIVIDADES FINANCEIRAS, DE SEGUROS E SERVIÇOS RELACIONADOS"
4541206,454,"COMÉRCIO, MANUTENÇÃO E REPARAÇÃO DE MOTOCICLETAS, PEÇAS E ACESSÓRIOS",45,G,COMÉRCIO; REPARAÇÃO DE VEÍCULOS AUTOMOTORES E MOTOCICLETAS
4541207,454,"COMÉRCIO, MANUTENÇÃO E REPARAÇÃO DE MOTOCICLETAS, PEÇAS E ACESSÓRIOS",45,G,COMÉRCIO; REPARAÇÃO DE VEÍCULOS AUTOMOTORES E MOTOCICLETAS
6911702,691,ATIVIDADES JURÍDICAS,69,M,"ATIVIDADES PROFISSIONAIS, CIENTÍFICAS E TÉCNICAS"
6920602,692,"ATIVIDADES DE CONTABILIDADE, CONSULTORIA E AUDITORIA CONTÁBIL E TRIBUTÁRIA",69,M,"ATIVIDADES PROFISSIONAIS, CIENTÍFICAS E TÉCNICAS"
8800600,880,SERVIÇOS DE ASSISTÊNCIA SOCIAL SEM ALOJAMENTO,88,Q,SAÚDE HUMANA E SERVIÇOS SOCIAIS
4713004,471,COMÉRCIO VAREJISTA NÃO-ESPECIALIZADO,47,G,COMÉRCIO; REPARAÇÃO DE VEÍCULOS AUTOMOTORES E MOTOCICLETAS
